shipment_id,created_at,origin_hub,destination_region,route_id,carrier,service_level,customer_segment,weight_kg,distance_km,promised_at,delivered_at,delay_hours,delivery_status,freight_revenue,operational_cost,contribution_margin,margin_pct
SHP-00001,2026-06-06 14:00:00,HUB-BH,Nordeste,R-RJ-NE,Atlas Express,D+1,B2C,2.44,1561.4,2026-06-07 20:00:00,2026-06-07 21:38:55.642496861,1.65,Atraso leve,123.54,92.32,31.22,25.27
SHP-00002,2026-07-13 02:00:00,HUB-GO,Nordeste,R-SP-BH,Nexo Log,D+1,SMB,19.78,717.8,2026-07-14 08:00:00,2026-07-14 01:10:12.203733141,-6.83,No prazo,96.75,64.68,32.07,33.15
SHP-00003,2026-06-17 20:00:00,HUB-PR,Sul,R-BH-GO,Atlas Express,D+2,B2C,21.46,1248.7,2026-06-20 02:00:00,2026-06-20 07:05:20.387685396,5.09,Atraso leve,128.31,81.95,46.36,36.13
SHP-00004,2026-07-29 11:00:00,HUB-PR,Sul,R-PR-CO,ViaCargo,D+2,B2C,7.95,602.2,2026-07-31 17:00:00,2026-07-31 17:46:28.102371982,0.77,Atraso leve,73.97,40.27,33.7,45.56
SHP-00005,2026-06-21 01:00:00,HUB-GO,Sul,R-SP-BH,Atlas Express,D+2,B2C,16.87,510.1,2026-06-23 07:00:00,2026-06-23 09:51:00.620216159,2.85,Atraso leve,94.91,71.52,23.39,24.64
SHP-00006,2026-07-21 05:00:00,HUB-SP,Nordeste,R-BH-GO,Atlas Express,D+2,B2C,0.38,1262.3,2026-07-23 11:00:00,2026-07-23 09:55:22.652590024,-1.08,No prazo,100.76,72.52,28.24,28.03
SHP-00007,2026-07-01 14:00:00,HUB-RJ,Sudeste,R-BH-GO,RotaSul,D+1,B2C,11.41,910.9,2026-07-02 20:00:00,2026-07-03 03:04:33.603536040,7.08,Atraso leve,104.91,73.0,31.91,30.42
SHP-00008,2026-07-11 08:00:00,HUB-SP,Sul,R-BH-GO,RotaSul,D+1,B2C,5.31,662.5,2026-07-12 14:00:00,2026-07-12 07:31:29.745933548,-6.48,No prazo,81.86,45.8,36.06,44.05
SHP-00009,2026-07-26 07:00:00,HUB-SP,Centro-Oeste,R-SP-BH,Nexo Log,D+2,B2C,16.01,659.1,2026-07-28 13:00:00,2026-07-28 11:31:57.055371292,-1.47,No prazo,101.02,54.23,46.79,46.32
SHP-00010,2026-07-18 06:00:00,HUB-BH,Centro-Oeste,R-RJ-NE,Atlas Express,D+2,B2C,12.12,256.4,2026-07-20 12:00:00,2026-07-20 19:55:43.505511218,7.93,Atraso leve,68.55,43.3,25.25,36.83
SHP-00011,2026-07-07 16:00:00,HUB-RJ,Sudeste,R-SP-PR,RotaSul,Same Day,B2C,21.82,1124.0,2026-07-08 04:00:00,2026-07-08 20:37:48.312871223,16.63,Atraso crítico,123.93,110.36,13.57,10.95
SHP-00012,2026-07-28 23:00:00,HUB-SP,Sul,R-SP-RJ,ViaCargo,D+1,SMB,11.05,335.7,2026-07-30 05:00:00,2026-07-30 01:27:09.541435424,-3.55,No prazo,61.11,41.36,19.75,32.32
SHP-00013,2026-06-02 10:00:00,HUB-PR,Sul,R-RJ-NE,RotaSul,D+2,B2C,14.1,1045.0,2026-06-04 16:00:00,2026-06-04 19:46:47.892560685,3.78,Atraso leve,100.38,62.37,38.01,37.87
SHP-00014,2026-07-08 21:00:00,HUB-SP,Centro-Oeste,R-BH-GO,Atlas Express,D+1,B2C,14.19,285.4,2026-07-10 03:00:00,2026-07-09 19:00:00.000000000,-8.0,No prazo,79.78,54.05,25.73,32.25
SHP-00015,2026-06-18 22:00:00,HUB-BH,Sul,R-SP-RJ,RotaSul,Econômico,B2C,2.17,786.4,2026-06-22 22:00:00,2026-06-22 14:53:38.964910968,-7.11,No prazo,73.64,58.83,14.81,20.11
SHP-00016,2026-07-18 05:00:00,HUB-RJ,Centro-Oeste,R-PR-CO,Nexo Log,D+1,B2C,10.65,49.3,2026-07-19 11:00:00,2026-07-19 11:22:20.231279946,0.37,Atraso leve,57.59,45.19,12.4,21.53
SHP-00017,2026-06-20 04:00:00,HUB-SP,Sul,R-SP-RJ,Atlas Express,D+2,B2C,17.5,1233.3,2026-06-22 10:00:00,2026-06-22 02:00:00.000000000,-8.0,No prazo,117.78,93.22,24.56,20.85
SHP-00018,2026-07-10 19:00:00,HUB-RJ,Sul,R-BH-GO,ViaCargo,D+2,B2C,19.44,517.7,2026-07-13 01:00:00,2026-07-13 01:23:24.932115877,0.39,Atraso leve,103.22,59.76,43.46,42.1
SHP-00019,2026-07-30 17:00:00,HUB-BH,Sudeste,R-PR-CO,RotaSul,D+1,B2C,23.82,1428.3,2026-07-31 23:00:00,2026-08-01 08:55:15.019207951,9.92,Atraso crítico,156.53,122.54,33.99,21.71
SHP-00020,2026-06-27 08:00:00,HUB-PR,Sul,R-SP-PR,RotaSul,D+2,B2C,2.45,1198.7,2026-06-29 14:00:00,2026-06-29 06:00:00.000000000,-8.0,No prazo,91.14,72.78,18.36,20.14
SHP-00021,2026-06-05 07:00:00,HUB-PR,Sudeste,R-RJ-NE,RotaSul,D+1,B2C,21.01,326.3,2026-06-06 13:00:00,2026-06-06 11:14:54.794019350,-1.75,No prazo,79.63,59.27,20.36,25.57
SHP-00022,2026-07-07 05:00:00,HUB-SP,Sudeste,R-PR-CO,Atlas Express,D+1,B2C,3.34,1089.1,2026-07-08 11:00:00,2026-07-08 05:12:39.339242511,-5.79,No prazo,83.29,54.32,28.97,34.78
SHP-00023,2026-06-26 06:00:00,HUB-SP,Centro-Oeste,R-SP-BH,Atlas Express,Econômico,B2C,3.32,211.1,2026-06-30 06:00:00,2026-06-30 04:51:03.391742673,-1.15,No prazo,55.11,33.9,21.21,38.49
SHP-00024,2026-07-15 14:00:00,HUB-GO,Centro-Oeste,R-SP-BH,RotaSul,D+2,B2C,22.21,54.4,2026-07-17 20:00:00,2026-07-17 12:02:25.826459639,-7.96,No prazo,73.07,50.83,22.24,30.44
SHP-00025,2026-07-16 04:00:00,HUB-SP,Centro-Oeste,R-SP-PR,Atlas Express,Econômico,SMB,19.34,755.8,2026-07-20 04:00:00,2026-07-21 12:15:52.859506868,32.26,Atraso crítico,111.94,59.85,52.09,46.53
SHP-00026,2026-07-27 05:00:00,HUB-BH,Nordeste,R-SP-PR,Nexo Log,D+1,B2C,20.85,970.9,2026-07-28 11:00:00,2026-07-30 04:43:00.074109996,41.72,Atraso crítico,117.33,78.37,38.96,33.21
SHP-00027,2026-07-03 02:00:00,HUB-GO,Centro-Oeste,R-SP-BH,ViaCargo,D+1,B2C,2.71,120.5,2026-07-04 08:00:00,2026-07-05 01:21:29.803678741,17.36,Atraso crítico,40.63,21.52,19.11,47.03
SHP-00028,2026-07-20 05:00:00,HUB-GO,Centro-Oeste,R-PR-CO,Atlas Express,D+1,B2C,6.98,258.5,2026-07-21 11:00:00,2026-07-21 10:24:09.045323710,-0.6,No prazo,44.36,21.61,22.75,51.28
SHP-00029,2026-07-21 02:00:00,HUB-BH,Centro-Oeste,R-SP-RJ,ViaCargo,D+2,B2C,7.77,814.7,2026-07-23 08:00:00,2026-07-23 18:27:48.356823690,10.46,Atraso crítico,95.44,73.43,22.01,23.06
SHP-00030,2026-06-24 20:00:00,HUB-BH,Nordeste,R-BH-GO,RotaSul,D+1,B2C,1.37,607.2,2026-06-26 02:00:00,2026-06-26 14:31:13.031680079,12.52,Atraso crítico,63.1,32.47,30.63,48.54
SHP-00031,2026-06-25 11:00:00,HUB-GO,Nordeste,R-PR-CO,ViaCargo,Same Day,B2C,23.51,1286.2,2026-06-25 23:00:00,2026-06-25 22:10:13.653579965,-0.83,No prazo,148.9,104.0,44.9,30.15
SHP-00032,2026-07-25 09:00:00,HUB-BH,Nordeste,R-SP-BH,ViaCargo,D+2,B2C,11.21,625.4,2026-07-27 15:00:00,2026-07-27 22:13:53.549430045,7.23,Atraso leve,85.69,48.9,36.79,42.93
SHP-00033,2026-07-07 12:00:00,HUB-BH,Sul,R-SP-BH,Nexo Log,D+1,B2C,9.23,1101.9,2026-07-08 18:00:00,2026-07-09 01:02:38.029840401,7.04,Atraso leve,99.57,79.91,19.66,19.74
SHP-00034,2026-06-20 21:00:00,HUB-BH,Nordeste,R-SP-PR,ViaCargo,D+1,SMB,15.73,1290.0,2026-06-22 03:00:00,2026-06-21 22:31:23.468125072,-4.48,No prazo,128.16,89.09,39.07,30.49
SHP-00035,2026-06-03 08:00:00,HUB-BH,Nordeste,R-SP-BH,ViaCargo,D+2,B2C,14.82,165.7,2026-06-05 14:00:00,2026-06-05 06:00:00.000000000,-8.0,No prazo,69.42,35.32,34.1,49.12
SHP-00036,2026-06-09 04:00:00,HUB-GO,Sul,R-SP-BH,Nexo Log,Econômico,B2C,18.83,1275.3,2026-06-13 04:00:00,2026-06-12 20:00:00.000000000,-8.0,No prazo,143.56,81.28,62.28,43.38
SHP-00037,2026-07-02 11:00:00,HUB-SP,Centro-Oeste,R-BH-GO,Atlas Express,D+1,B2C,11.29,843.4,2026-07-03 17:00:00,2026-07-04 09:20:45.193685499,16.35,Atraso crítico,100.94,75.88,25.06,24.83
SHP-00038,2026-07-05 14:00:00,HUB-SP,Nordeste,R-PR-CO,Atlas Express,Econômico,B2C,2.29,1057.7,2026-07-09 14:00:00,2026-07-09 23:07:25.943554905,9.12,Atraso crítico,86.99,64.65,22.34,25.68
SHP-00039,2026-07-15 13:00:00,HUB-PR,Sul,R-PR-CO,ViaCargo,D+2,B2C,7.68,264.8,2026-07-17 19:00:00,2026-07-17 11:16:23.430943900,-7.73,No prazo,46.86,37.41,9.45,20.17
SHP-00040,2026-06-23 02:00:00,HUB-BH,Nordeste,R-SP-BH,ViaCargo,D+2,Enterprise,18.77,774.8,2026-06-25 08:00:00,2026-06-25 17:30:40.125035155,9.51,Atraso crítico,101.69,82.92,18.77,18.46
SHP-00041,2026-06-26 16:00:00,HUB-GO,Centro-Oeste,R-SP-RJ,Atlas Express,Econômico,B2C,14.2,1102.5,2026-06-30 16:00:00,2026-06-30 08:00:00.000000000,-8.0,No prazo,101.92,64.67,37.25,36.55
SHP-00042,2026-06-08 13:00:00,HUB-BH,Sudeste,R-SP-BH,RotaSul,D+2,B2C,22.06,1253.4,2026-06-10 19:00:00,2026-06-10 21:17:21.056166648,2.29,Atraso leve,127.61,104.51,23.1,18.1
SHP-00043,2026-07-17 22:00:00,HUB-PR,Nordeste,R-PR-CO,Atlas Express,Same Day,B2C,15.67,158.3,2026-07-18 10:00:00,2026-07-18 05:27:28.586283016,-4.54,No prazo,74.91,36.7,38.21,51.01
SHP-00044,2026-07-11 04:00:00,HUB-SP,Sudeste,R-RJ-NE,ViaCargo,D+2,SMB,15.82,72.3,2026-07-13 10:00:00,2026-07-13 02:00:00.000000000,-8.0,No prazo,48.17,23.97,24.2,50.24
SHP-00045,2026-07-29 00:00:00,HUB-RJ,Sudeste,R-SP-BH,Nexo Log,Econômico,B2C,22.28,1238.8,2026-08-02 00:00:00,2026-08-02 05:18:07.458124375,5.3,Atraso leve,141.92,108.56,33.36,23.51
SHP-00046,2026-07-19 07:00:00,HUB-PR,Sudeste,R-BH-GO,ViaCargo,D+2,Enterprise,3.89,1179.4,2026-07-21 13:00:00,2026-07-21 22:01:56.154627866,9.03,Atraso crítico,91.09,52.11,38.98,42.79
SHP-00047,2026-07-16 05:00:00,HUB-SP,Centro-Oeste,R-BH-GO,Atlas Express,Same Day,Enterprise,21.24,1139.7,2026-07-16 17:00:00,2026-07-16 13:59:41.632276697,-3.01,No prazo,121.37,62.04,59.33,48.88
SHP-00048,2026-06-03 18:00:00,HUB-PR,Sul,R-BH-GO,Nexo Log,D+2,B2C,13.82,245.0,2026-06-06 00:00:00,2026-06-05 16:00:00.000000000,-8.0,No prazo,77.39,45.08,32.31,41.75
SHP-00049,2026-06-16 16:00:00,HUB-SP,Sudeste,R-BH-GO,RotaSul,Econômico,B2C,9.82,766.6,2026-06-20 16:00:00,2026-06-20 19:14:30.175223473,3.24,Atraso leve,77.79,40.89,36.9,47.44
SHP-00050,2026-07-01 18:00:00,HUB-PR,Sul,R-RJ-NE,Nexo Log,D+1,B2C,10.0,662.9,2026-07-03 00:00:00,2026-07-02 16:00:00.000000000,-8.0,No prazo,74.9,50.94,23.96,31.99
SHP-00051,2026-06-19 04:00:00,HUB-SP,Sudeste,R-SP-PR,Atlas Express,D+2,SMB,13.67,1127.7,2026-06-21 10:00:00,2026-06-21 17:22:21.144190002,7.37,Atraso leve,118.18,82.95,35.23,29.81
SHP-00052,2026-07-05 14:00:00,HUB-BH,Centro-Oeste,R-SP-BH,Nexo Log,D+2,B2C,8.78,827.7,2026-07-07 20:00:00,2026-07-08 03:01:37.177888685,7.03,Atraso leve,94.63,73.94,20.69,21.86
SHP-00053,2026-07-15 06:00:00,HUB-RJ,Sul,R-BH-GO,Nexo Log,D+2,B2C,11.96,198.6,2026-07-17 12:00:00,2026-07-17 17:05:55.617594486,5.1,Atraso leve,49.45,37.89,11.56,23.38
SHP-00054,2026-07-21 11:00:00,HUB-SP,Centro-Oeste,R-SP-PR,RotaSul,D+1,B2C,17.88,38.3,2026-07-22 17:00:00,2026-07-23 17:13:31.226358626,24.23,Atraso crítico,70.75,60.02,10.73,15.17
SHP-00055,2026-07-11 08:00:00,HUB-BH,Nordeste,R-SP-RJ,Atlas Express,D+1,B2C,18.58,507.9,2026-07-12 14:00:00,2026-07-12 13:07:26.723048597,-0.88,No prazo,94.42,67.97,26.45,28.01
SHP-00056,2026-07-30 23:00:00,HUB-RJ,Nordeste,R-RJ-NE,Nexo Log,Same Day,SMB,4.1,278.0,2026-07-31 11:00:00,2026-07-31 04:04:07.155563295,-6.93,No prazo,57.98,47.33,10.65,18.37
SHP-00057,2026-07-19 08:00:00,HUB-BH,Sul,R-PR-CO,ViaCargo,D+1,Enterprise,2.11,1212.2,2026-07-20 14:00:00,2026-07-20 18:21:11.996011120,4.35,Atraso leve,95.52,61.09,34.43,36.04
SHP-00058,2026-06-24 19:00:00,HUB-RJ,Sudeste,R-BH-GO,RotaSul,Same Day,SMB,11.87,944.5,2026-06-25 07:00:00,2026-06-24 23:00:00.000000000,-8.0,No prazo,100.83,51.28,49.55,49.14
SHP-00059,2026-07-22 11:00:00,HUB-BH,Centro-Oeste,R-BH-GO,ViaCargo,D+2,SMB,1.58,596.1,2026-07-24 17:00:00,2026-07-25 07:05:27.839489200,14.09,Atraso crítico,63.28,37.66,25.62,40.49
SHP-00060,2026-07-17 00:00:00,HUB-BH,Sul,R-SP-PR,ViaCargo,Econômico,Enterprise,14.17,1362.7,2026-07-21 00:00:00,2026-07-21 14:37:52.686233863,14.63,Atraso crítico,124.39,88.89,35.5,28.54
SHP-00061,2026-07-08 23:00:00,HUB-SP,Sul,R-BH-GO,RotaSul,D+1,B2C,0.79,1485.0,2026-07-10 05:00:00,2026-07-09 21:00:00.000000000,-8.0,No prazo,108.38,63.36,45.02,41.54
SHP-00062,2026-06-12 17:00:00,HUB-PR,Centro-Oeste,R-SP-BH,Nexo Log,D+1,SMB,23.57,998.3,2026-06-13 23:00:00,2026-06-14 04:04:15.920545985,5.07,Atraso leve,125.62,92.82,32.8,26.11
SHP-00063,2026-06-18 08:00:00,HUB-BH,Nordeste,R-PR-CO,Atlas Express,D+2,Enterprise,17.63,712.5,2026-06-20 14:00:00,2026-06-21 06:18:00.163211387,16.3,Atraso crítico,100.52,70.6,29.92,29.77
SHP-00064,2026-06-08 02:00:00,HUB-PR,Nordeste,R-RJ-NE,Nexo Log,D+1,Enterprise,8.45,211.3,2026-06-09 08:00:00,2026-06-09 05:06:52.935423485,-2.89,No prazo,42.7,31.78,10.92,25.57
SHP-00065,2026-07-22 20:00:00,HUB-RJ,Sul,R-SP-PR,Atlas Express,Econômico,B2C,2.22,895.4,2026-07-26 20:00:00,2026-07-27 13:11:02.142678655,17.18,Atraso crítico,87.51,76.47,11.04,12.62
SHP-00066,2026-07-18 20:00:00,HUB-SP,Nordeste,R-SP-PR,Nexo Log,Same Day,B2C,17.18,1241.3,2026-07-19 08:00:00,2026-07-20 00:54:35.543397123,16.91,Atraso crítico,136.54,109.86,26.68,19.54
SHP-00067,2026-06-07 08:00:00,HUB-BH,Sudeste,R-BH-GO,ViaCargo,Econômico,B2C,16.32,61.9,2026-06-11 08:00:00,2026-06-11 22:03:49.621529628,14.06,Atraso crítico,58.45,45.85,12.6,21.56
SHP-00068,2026-07-02 03:00:00,HUB-RJ,Nordeste,R-BH-GO,ViaCargo,Econômico,B2C,7.31,950.7,2026-07-06 03:00:00,2026-07-06 03:05:26.467550878,0.09,Atraso leve,90.11,51.67,38.44,42.66
SHP-00069,2026-07-12 00:00:00,HUB-BH,Centro-Oeste,R-SP-RJ,RotaSul,D+1,Enterprise,23.97,484.7,2026-07-13 06:00:00,2026-07-13 13:20:14.319249781,7.34,Atraso leve,96.4,50.76,45.64,47.34
SHP-00070,2026-07-19 16:00:00,HUB-BH,Sudeste,R-RJ-NE,RotaSul,D+2,B2C,21.98,802.6,2026-07-21 22:00:00,2026-07-21 20:01:11.245356797,-1.98,No prazo,103.27,62.4,40.87,39.58
SHP-00071,2026-06-19 08:00:00,HUB-GO,Sul,R-SP-PR,RotaSul,D+2,B2C,23.03,1206.9,2026-06-21 14:00:00,2026-06-21 15:03:56.556262202,1.07,Atraso leve,137.65,79.39,58.26,42.32
SHP-00072,2026-06-26 11:00:00,HUB-GO,Sul,R-PR-CO,Nexo Log,D+1,B2C,17.87,951.3,2026-06-27 17:00:00,2026-06-27 09:00:00.000000000,-8.0,No prazo,116.61,67.84,48.77,41.82
SHP-00073,2026-06-11 21:00:00,HUB-SP,Sul,R-SP-RJ,Atlas Express,Econômico,B2C,19.05,1257.4,2026-06-15 21:00:00,2026-06-16 10:03:55.890277512,13.07,Atraso crítico,130.31,83.65,46.66,35.81
SHP-00074,2026-07-04 22:00:00,HUB-GO,Sul,R-RJ-NE,ViaCargo,Econômico,B2C,4.61,906.0,2026-07-08 22:00:00,2026-07-08 19:58:37.331219504,-2.02,No prazo,75.13,52.74,22.39,29.8
SHP-00075,2026-07-27 07:00:00,HUB-GO,Nordeste,R-SP-PR,Nexo Log,Same Day,B2C,1.18,405.0,2026-07-27 19:00:00,2026-07-28 07:21:57.734624630,12.37,Atraso crítico,40.15,28.03,12.12,30.19
SHP-00076,2026-06-07 10:00:00,HUB-RJ,Nordeste,R-BH-GO,Atlas Express,Same Day,B2C,16.82,343.1,2026-06-07 22:00:00,2026-06-08 05:37:38.503978986,7.63,Atraso leve,72.38,44.44,27.94,38.6
SHP-00077,2026-06-18 15:00:00,HUB-SP,Sudeste,R-SP-RJ,Atlas Express,Econômico,B2C,11.85,543.0,2026-06-22 15:00:00,2026-06-22 07:35:58.118874627,-7.4,No prazo,77.16,57.52,19.64,25.45
SHP-00078,2026-07-01 17:00:00,HUB-RJ,Nordeste,R-BH-GO,RotaSul,D+1,B2C,16.46,376.8,2026-07-02 23:00:00,2026-07-02 15:00:00.000000000,-8.0,No prazo,74.27,59.14,15.13,20.37
SHP-00079,2026-07-23 02:00:00,HUB-PR,Sudeste,R-RJ-NE,RotaSul,D+1,B2C,22.07,29.7,2026-07-24 08:00:00,2026-07-24 00:00:00.000000000,-8.0,No prazo,62.27,30.55,31.72,50.94
SHP-00080,2026-06-09 13:00:00,HUB-BH,Sudeste,R-SP-RJ,Nexo Log,D+1,SMB,20.42,22.5,2026-06-10 19:00:00,2026-06-11 11:24:11.212711670,16.4,Atraso crítico,75.36,52.04,23.32,30.94
SHP-00081,2026-06-18 17:00:00,HUB-BH,Sul,R-SP-BH,ViaCargo,Econômico,B2C,23.63,588.0,2026-06-22 17:00:00,2026-06-23 00:33:23.895667732,7.56,Atraso leve,111.58,65.64,45.94,41.17
SHP-00082,2026-07-07 10:00:00,HUB-BH,Centro-Oeste,R-BH-GO,RotaSul,D+1,SMB,2.06,62.3,2026-07-08 16:00:00,2026-07-08 12:47:39.380533289,-3.21,No prazo,30.0,14.59,15.41,51.37
SHP-00083,2026-07-21 23:00:00,HUB-GO,Sul,R-RJ-NE,Atlas Express,D+2,B2C,14.33,214.8,2026-07-24 05:00:00,2026-07-24 10:22:22.518265762,5.37,Atraso leve,56.64,40.53,16.11,28.44
SHP-00084,2026-07-24 15:00:00,HUB-SP,Nordeste,R-SP-BH,Atlas Express,Econômico,B2C,23.84,941.7,2026-07-28 15:00:00,2026-07-28 17:11:52.481050576,2.2,Atraso leve,114.25,89.7,24.55,21.49
SHP-00085,2026-06-11 04:00:00,HUB-PR,Sudeste,R-BH-GO,RotaSul,D+1,B2C,7.22,1066.8,2026-06-12 10:00:00,2026-06-12 20:45:40.724903157,10.76,Atraso crítico,107.29,52.16,55.13,51.38
SHP-00086,2026-07-06 22:00:00,HUB-RJ,Centro-Oeste,R-PR-CO,Nexo Log,Econômico,SMB,13.37,642.9,2026-07-10 22:00:00,2026-07-11 09:41:59.340671083,11.7,Atraso crítico,91.71,66.65,25.06,27.33
SHP-00087,2026-07-14 07:00:00,HUB-GO,Centro-Oeste,R-PR-CO,ViaCargo,D+1,B2C,19.15,839.6,2026-07-15 13:00:00,2026-07-15 17:36:11.071831431,4.6,Atraso leve,106.75,54.66,52.09,48.8
SHP-00088,2026-06-01 23:00:00,HUB-SP,Sul,R-SP-PR,ViaCargo,D+2,B2C,4.45,331.3,2026-06-04 05:00:00,2026-06-03 21:00:00.000000000,-8.0,No prazo,62.14,49.11,13.03,20.97
SHP-00089,2026-07-24 01:00:00,HUB-PR,Sul,R-RJ-NE,RotaSul,Econômico,Enterprise,17.85,1173.9,2026-07-28 01:00:00,2026-07-27 17:00:00.000000000,-8.0,No prazo,132.06,88.98,43.08,32.62
SHP-00090,2026-07-02 06:00:00,HUB-PR,Centro-Oeste,R-PR-CO,Atlas Express,Econômico,B2C,5.06,1193.6,2026-07-06 06:00:00,2026-07-06 08:07:12.677854301,2.12,Atraso leve,89.85,73.04,16.81,18.71
SHP-00091,2026-07-27 03:00:00,HUB-PR,Sul,R-PR-CO,RotaSul,D+1,B2C,14.03,663.5,2026-07-28 09:00:00,2026-07-28 06:23:32.094074001,-2.61,No prazo,92.19,73.57,18.62,20.2
SHP-00092,2026-07-07 18:00:00,HUB-RJ,Nordeste,R-SP-PR,Atlas Express,D+1,SMB,4.08,1100.0,2026-07-09 00:00:00,2026-07-09 02:20:48.365854781,2.35,Atraso leve,90.73,80.31,10.42,11.48
SHP-00093,2026-07-06 07:00:00,HUB-BH,Sudeste,R-PR-CO,ViaCargo,D+1,Enterprise,12.62,757.4,2026-07-07 13:00:00,2026-07-07 05:43:44.268432198,-7.27,No prazo,86.13,42.67,43.46,50.46
SHP-00094,2026-06-12 09:00:00,HUB-BH,Nordeste,R-RJ-NE,Atlas Express,D+2,Enterprise,6.21,482.2,2026-06-14 15:00:00,2026-06-14 18:49:48.138800129,3.83,Atraso leve,71.44,55.58,15.86,22.2
SHP-00095,2026-07-08 02:00:00,HUB-BH,Sudeste,R-PR-CO,RotaSul,Econômico,B2C,7.45,891.3,2026-07-12 02:00:00,2026-07-11 20:18:09.610181410,-5.7,No prazo,79.6,61.1,18.5,23.24
SHP-00096,2026-06-09 12:00:00,HUB-RJ,Sul,R-SP-RJ,Atlas Express,D+1,B2C,20.48,941.0,2026-06-10 18:00:00,2026-06-10 10:00:00.000000000,-8.0,No prazo,123.04,71.44,51.6,41.94
SHP-00097,2026-06-07 21:00:00,HUB-SP,Sudeste,R-RJ-NE,Nexo Log,D+2,B2C,3.07,1435.4,2026-06-10 03:00:00,2026-06-09 23:43:45.198653686,-3.27,No prazo,101.29,57.73,43.56,43.01
SHP-00098,2026-07-27 17:00:00,HUB-RJ,Nordeste,R-SP-BH,Nexo Log,D+1,B2C,20.46,1401.2,2026-07-28 23:00:00,2026-07-29 13:04:15.090271576,14.07,Atraso crítico,138.43,91.43,47.0,33.95
SHP-00099,2026-06-19 00:00:00,HUB-SP,Nordeste,R-SP-RJ,Atlas Express,Econômico,B2C,12.52,792.6,2026-06-23 00:00:00,2026-06-22 23:42:34.473710455,-0.29,No prazo,94.63,62.68,31.95,33.76
SHP-00100,2026-07-17 21:00:00,HUB-GO,Sudeste,R-SP-BH,RotaSul,D+1,B2C,22.89,274.3,2026-07-19 03:00:00,2026-07-19 04:00:32.793545733,1.01,Atraso leve,86.43,47.59,38.84,44.94
SHP-00101,2026-06-24 01:00:00,HUB-SP,Sul,R-SP-RJ,ViaCargo,Econômico,SMB,11.27,649.7,2026-06-28 01:00:00,2026-06-27 17:00:00.000000000,-8.0,No prazo,84.44,45.91,38.53,45.63
SHP-00102,2026-07-07 17:00:00,HUB-BH,Nordeste,R-SP-PR,Atlas Express,D+2,SMB,22.11,556.1,2026-07-09 23:00:00,2026-07-10 13:09:41.944484450,14.16,Atraso crítico,87.85,57.64,30.21,34.39
SHP-00103,2026-07-09 11:00:00,HUB-RJ,Nordeste,R-RJ-NE,Nexo Log,D+1,B2C,15.41,18.7,2026-07-10 17:00:00,2026-07-10 12:07:12.976154484,-4.88,No prazo,69.14,39.79,29.35,42.45
SHP-00104,2026-06-27 12:00:00,HUB-SP,Nordeste,R-SP-PR,Nexo Log,D+1,B2C,9.55,1476.1,2026-06-28 18:00:00,2026-06-29 05:44:31.606579041,11.74,Atraso crítico,121.31,88.18,33.13,27.31
SHP-00105,2026-07-10 17:00:00,HUB-PR,Nordeste,R-BH-GO,Nexo Log,D+2,SMB,4.42,1089.8,2026-07-12 23:00:00,2026-07-12 15:00:00.000000000,-8.0,No prazo,103.48,51.09,52.39,50.63
SHP-00106,2026-06-21 19:00:00,HUB-GO,Sul,R-SP-BH,Nexo Log,D+2,B2C,15.91,494.4,2026-06-24 01:00:00,2026-06-24 14:37:59.775036791,13.63,Atraso crítico,95.11,57.5,37.61,39.54
SHP-00107,2026-07-24 21:00:00,HUB-BH,Centro-Oeste,R-BH-GO,Nexo Log,D+2,B2C,10.18,1040.6,2026-07-27 03:00:00,2026-07-27 15:45:47.748897815,12.76,Atraso crítico,99.13,61.34,37.79,38.12
SHP-00108,2026-07-25 16:00:00,HUB-PR,Centro-Oeste,R-SP-RJ,Nexo Log,D+2,B2C,0.67,532.6,2026-07-27 22:00:00,2026-07-27 14:00:00.000000000,-8.0,No prazo,49.51,36.86,12.65,25.55
SHP-00109,2026-07-26 01:00:00,HUB-GO,Sul,R-RJ-NE,ViaCargo,D+1,B2C,6.95,1084.5,2026-07-27 07:00:00,2026-07-27 14:20:42.763243272,7.35,Atraso leve,109.6,60.16,49.44,45.11
SHP-00110,2026-06-09 13:00:00,HUB-PR,Centro-Oeste,R-BH-GO,RotaSul,Econômico,B2C,15.09,523.0,2026-06-13 13:00:00,2026-06-13 10:17:48.301092341,-2.7,No prazo,95.83,59.02,36.81,38.41
SHP-00111,2026-07-03 14:00:00,HUB-GO,Centro-Oeste,R-SP-PR,RotaSul,Econômico,B2C,22.48,1368.6,2026-07-07 14:00:00,2026-07-07 22:05:13.549590036,8.09,Atraso crítico,140.03,93.14,46.89,33.49
SHP-00112,2026-06-27 21:00:00,HUB-RJ,Sul,R-RJ-NE,ViaCargo,D+1,SMB,22.19,1351.7,2026-06-29 03:00:00,2026-06-29 02:57:48.177864182,-0.04,No prazo,154.95,113.63,41.32,26.67
SHP-00113,2026-06-07 13:00:00,HUB-PR,Sudeste,R-SP-PR,Nexo Log,D+2,SMB,7.09,423.6,2026-06-09 19:00:00,2026-06-10 20:13:51.440822013,25.23,Atraso crítico,65.41,40.52,24.89,38.05
SHP-00114,2026-07-09 22:00:00,HUB-SP,Sudeste,R-SP-PR,RotaSul,D+1,Enterprise,19.18,1345.1,2026-07-11 04:00:00,2026-07-11 09:27:39.154543889,5.46,Atraso leve,127.88,104.56,23.32,18.24
SHP-00115,2026-06-18 10:00:00,HUB-SP,Sul,R-SP-BH,RotaSul,D+1,B2C,22.4,1569.6,2026-06-19 16:00:00,2026-06-19 21:41:36.060235927,5.69,Atraso leve,144.63,76.21,68.42,47.31
SHP-00116,2026-07-08 10:00:00,HUB-PR,Sul,R-SP-BH,Atlas Express,Econômico,B2C,20.01,294.5,2026-07-12 10:00:00,2026-07-12 11:52:35.582305830,1.88,Atraso leve,78.81,52.63,26.18,33.22
SHP-00117,2026-07-19 00:00:00,HUB-SP,Nordeste,R-BH-GO,Atlas Express,Econômico,B2C,2.47,1168.6,2026-07-23 00:00:00,2026-07-23 11:58:15.217851506,11.97,Atraso crítico,107.38,63.16,44.22,41.18
SHP-00118,2026-07-02 05:00:00,HUB-PR,Nordeste,R-SP-PR,RotaSul,Same Day,SMB,18.94,1333.9,2026-07-02 17:00:00,2026-07-03 02:21:43.133271292,9.36,Atraso crítico,143.88,89.45,54.43,37.83
SHP-00119,2026-07-14 02:00:00,HUB-RJ,Nordeste,R-RJ-NE,RotaSul,D+2,B2C,21.12,167.3,2026-07-16 08:00:00,2026-07-16 00:54:08.480358319,-7.1,No prazo,67.17,44.43,22.74,33.85
SHP-00120,2026-06-09 21:00:00,HUB-BH,Nordeste,R-SP-RJ,ViaCargo,Same Day,SMB,1.03,1048.8,2026-06-10 09:00:00,2026-06-10 08:36:17.766030255,-0.4,No prazo,94.22,50.61,43.61,46.29
SHP-00121,2026-06-17 08:00:00,HUB-BH,Nordeste,R-RJ-NE,Atlas Express,D+2,SMB,9.59,1184.4,2026-06-19 14:00:00,2026-06-19 15:00:02.995094114,1.0,Atraso leve,103.8,76.37,27.43,26.43
SHP-00122,2026-06-06 19:00:00,HUB-RJ,Sul,R-SP-BH,Atlas Express,D+2,B2C,5.16,1206.1,2026-06-09 01:00:00,2026-06-08 23:20:30.432422670,-1.66,No prazo,93.11,47.42,45.69,49.07
SHP-00123,2026-06-03 21:00:00,HUB-PR,Nordeste,R-RJ-NE,ViaCargo,D+1,SMB,15.75,726.2,2026-06-05 03:00:00,2026-06-05 18:03:23.695738942,15.06,Atraso crítico,93.7,72.85,20.85,22.25
SHP-00124,2026-06-09 11:00:00,HUB-RJ,Sul,R-BH-GO,Nexo Log,D+1,B2C,7.08,1179.5,2026-06-10 17:00:00,2026-06-11 16:55:00.540583258,23.92,Atraso crítico,106.49,71.06,35.43,33.27
SHP-00125,2026-06-29 02:00:00,HUB-GO,Centro-Oeste,R-SP-RJ,RotaSul,Same Day,B2C,6.39,678.6,2026-06-29 14:00:00,2026-06-29 08:56:32.027550748,-5.06,No prazo,82.41,62.72,19.69,23.89
SHP-00126,2026-06-30 10:00:00,HUB-BH,Sudeste,R-SP-RJ,RotaSul,D+1,SMB,13.63,1087.5,2026-07-01 16:00:00,2026-07-01 08:00:00.000000000,-8.0,No prazo,101.35,48.69,52.66,51.96
SHP-00127,2026-07-17 15:00:00,HUB-GO,Nordeste,R-BH-GO,Atlas Express,D+1,B2C,11.53,1497.8,2026-07-18 21:00:00,2026-07-19 16:26:39.701065370,19.44,Atraso crítico,119.78,66.26,53.52,44.68
SHP-00128,2026-06-29 10:00:00,HUB-RJ,Nordeste,R-SP-RJ,Atlas Express,D+2,B2C,5.13,685.0,2026-07-01 16:00:00,2026-07-01 11:56:41.738698859,-4.06,No prazo,65.82,34.61,31.21,47.42
SHP-00129,2026-06-21 21:00:00,HUB-BH,Sul,R-SP-PR,RotaSul,Same Day,B2C,14.73,340.5,2026-06-22 09:00:00,2026-06-22 01:00:00.000000000,-8.0,No prazo,82.93,66.02,16.91,20.39
SHP-00130,2026-06-17 03:00:00,HUB-PR,Sul,R-SP-PR,Atlas Express,Same Day,B2C,20.49,1210.5,2026-06-17 15:00:00,2026-06-17 23:50:34.905953171,8.84,Atraso crítico,140.0,92.24,47.76,34.11
SHP-00131,2026-06-13 20:00:00,HUB-BH,Nordeste,R-SP-PR,Atlas Express,D+1,B2C,19.39,285.0,2026-06-15 02:00:00,2026-06-15 04:34:42.779558255,2.58,Atraso leve,90.98,59.09,31.89,35.05
SHP-00132,2026-07-05 20:00:00,HUB-SP,Centro-Oeste,R-SP-PR,RotaSul,D+2,B2C,4.8,178.7,2026-07-08 02:00:00,2026-07-09 08:40:25.129808314,30.67,Atraso crítico,54.6,40.86,13.74,25.16
SHP-00133,2026-07-19 06:00:00,HUB-GO,Nordeste,R-BH-GO,Nexo Log,Econômico,B2C,8.04,729.9,2026-07-23 06:00:00,2026-07-23 10:31:03.852057624,4.52,Atraso leve,83.61,53.26,30.35,36.3
SHP-00134,2026-06-24 17:00:00,HUB-RJ,Sudeste,R-PR-CO,RotaSul,D+1,B2C,2.45,278.2,2026-06-25 23:00:00,2026-06-26 07:57:43.207515713,8.96,Atraso crítico,52.04,31.86,20.18,38.78
SHP-00135,2026-07-16 17:00:00,HUB-BH,Nordeste,R-RJ-NE,ViaCargo,D+1,B2C,14.42,1075.3,2026-07-17 23:00:00,2026-07-18 10:39:52.206468523,11.66,Atraso crítico,101.85,81.63,20.22,19.85
SHP-00136,2026-07-26 21:00:00,HUB-SP,Nordeste,R-BH-GO,Nexo Log,Same Day,B2C,13.59,57.1,2026-07-27 09:00:00,2026-07-27 01:00:00.000000000,-8.0,No prazo,61.55,47.38,14.17,23.02
SHP-00137,2026-06-28 09:00:00,HUB-GO,Sul,R-SP-RJ,ViaCargo,D+2,B2C,9.08,910.6,2026-06-30 15:00:00,2026-06-30 13:14:55.839599432,-1.75,No prazo,88.09,47.1,40.99,46.53
SHP-00138,2026-07-23 23:00:00,HUB-GO,Sudeste,R-SP-BH,ViaCargo,D+2,SMB,20.56,312.4,2026-07-26 05:00:00,2026-07-25 21:00:00.000000000,-8.0,No prazo,85.11,66.26,18.85,22.15
SHP-00139,2026-07-01 13:00:00,HUB-PR,Nordeste,R-SP-PR,Nexo Log,D+2,SMB,10.31,601.4,2026-07-03 19:00:00,2026-07-04 04:02:28.077771348,9.04,Atraso crítico,77.12,40.12,37.0,47.98
SHP-00140,2026-07-07 16:00:00,HUB-RJ,Centro-Oeste,R-RJ-NE,ViaCargo,D+1,B2C,0.77,839.9,2026-07-08 22:00:00,2026-07-08 16:57:19.513322488,-5.04,No prazo,73.25,52.35,20.9,28.53
SHP-00141,2026-06-08 01:00:00,HUB-SP,Sudeste,R-SP-PR,Nexo Log,D+2,Enterprise,12.63,354.7,2026-06-10 07:00:00,2026-06-10 02:52:16.648837482,-4.13,No prazo,61.0,33.19,27.81,45.59
SHP-00142,2026-06-28 22:00:00,HUB-GO,Sul,R-SP-BH,ViaCargo,D+1,B2C,2.12,1047.9,2026-06-30 04:00:00,2026-06-29 22:37:08.598458761,-5.38,No prazo,97.45,67.79,29.66,30.44
SHP-00143,2026-06-23 02:00:00,HUB-RJ,Nordeste,R-SP-RJ,RotaSul,D+2,Enterprise,1.16,1133.7,2026-06-25 08:00:00,2026-06-25 07:31:26.641139303,-0.48,No prazo,86.1,67.77,18.33,21.29
SHP-00144,2026-07-28 18:00:00,HUB-SP,Sul,R-PR-CO,Atlas Express,Econômico,B2C,20.07,261.9,2026-08-01 18:00:00,2026-08-01 16:06:24.984863619,-1.89,No prazo,79.9,63.23,16.67,20.86
SHP-00145,2026-07-18 19:00:00,HUB-SP,Nordeste,R-SP-PR,RotaSul,Same Day,SMB,4.71,468.4,2026-07-19 07:00:00,2026-07-20 13:55:13.904987401,30.92,Atraso crítico,72.81,41.01,31.8,43.68
SHP-00146,2026-06-19 21:00:00,HUB-GO,Sul,R-BH-GO,ViaCargo,Econômico,Enterprise,3.22,1276.3,2026-06-23 21:00:00,2026-06-24 01:25:15.897905855,4.42,Atraso leve,103.96,69.11,34.85,33.52
SHP-00147,2026-06-27 12:00:00,HUB-BH,Sul,R-RJ-NE,ViaCargo,D+2,B2C,8.81,635.5,2026-06-29 18:00:00,2026-06-29 22:49:39.390413551,4.83,Atraso leve,67.93,34.39,33.54,49.37
SHP-00148,2026-06-24 10:00:00,HUB-PR,Sudeste,R-PR-CO,Atlas Express,Econômico,Enterprise,3.95,341.2,2026-06-28 10:00:00,2026-06-28 10:09:27.005098131,0.16,Atraso leve,64.66,35.85,28.81,44.56
SHP-00149,2026-07-23 12:00:00,HUB-BH,Sudeste,R-PR-CO,RotaSul,D+1,B2C,1.71,324.3,2026-07-24 18:00:00,2026-07-25 11:55:32.263822625,17.93,Atraso crítico,49.29,38.95,10.34,20.98
SHP-00150,2026-06-10 11:00:00,HUB-PR,Centro-Oeste,R-PR-CO,ViaCargo,Econômico,Enterprise,22.78,566.4,2026-06-14 11:00:00,2026-06-14 21:45:33.885167428,10.76,Atraso crítico,90.7,50.51,40.19,44.31
SHP-00151,2026-07-22 05:00:00,HUB-SP,Centro-Oeste,R-SP-PR,RotaSul,D+2,B2C,7.83,1050.3,2026-07-24 11:00:00,2026-07-25 15:11:49.385870630,28.2,Atraso crítico,103.47,71.46,32.01,30.94
SHP-00152,2026-06-12 05:00:00,HUB-SP,Nordeste,R-RJ-NE,Atlas Express,Econômico,B2C,12.04,838.5,2026-06-16 05:00:00,2026-06-15 21:00:00.000000000,-8.0,No prazo,95.71,60.15,35.56,37.15
SHP-00153,2026-07-02 00:00:00,HUB-GO,Sudeste,R-SP-PR,Nexo Log,D+1,B2C,5.63,1025.6,2026-07-03 06:00:00,2026-07-04 08:31:07.533298635,26.52,Atraso crítico,82.37,67.02,15.35,18.64
SHP-00154,2026-07-06 19:00:00,HUB-GO,Centro-Oeste,R-RJ-NE,Nexo Log,Same Day,B2C,18.81,693.6,2026-07-07 07:00:00,2026-07-07 09:37:00.059065570,2.62,Atraso leve,103.83,80.07,23.76,22.88
SHP-00155,2026-06-27 08:00:00,HUB-GO,Nordeste,R-BH-GO,Nexo Log,D+2,B2C,10.32,1302.2,2026-06-29 14:00:00,2026-06-29 06:00:00.000000000,-8.0,No prazo,117.87,86.09,31.78,26.96
SHP-00156,2026-06-23 12:00:00,HUB-SP,Sul,R-SP-PR,Atlas Express,D+2,Enterprise,15.12,1199.4,2026-06-25 18:00:00,2026-06-26 14:39:50.359507304,20.66,Atraso crítico,131.06,75.06,56.0,42.73
SHP-00157,2026-07-19 09:00:00,HUB-RJ,Sul,R-SP-RJ,RotaSul,D+1,B2C,21.21,1220.5,2026-07-20 15:00:00,2026-07-21 00:42:09.097956625,9.7,Atraso crítico,139.13,75.07,64.06,46.04
SHP-00158,2026-07-03 00:00:00,HUB-RJ,Sudeste,R-SP-PR,RotaSul,D+1,SMB,3.23,887.1,2026-07-04 06:00:00,2026-07-03 22:00:00.000000000,-8.0,No prazo,86.55,43.6,42.95,49.62
SHP-00159,2026-07-06 03:00:00,HUB-RJ,Sul,R-RJ-NE,RotaSul,Econômico,B2C,5.93,586.9,2026-07-10 03:00:00,2026-07-10 09:17:18.509890659,6.29,Atraso leve,61.95,39.59,22.36,36.09
SHP-00160,2026-07-20 11:00:00,HUB-RJ,Sudeste,R-SP-BH,RotaSul,D+2,SMB,3.32,710.5,2026-07-22 17:00:00,2026-07-22 09:00:00.000000000,-8.0,No prazo,66.95,40.54,26.41,39.45
SHP-00161,2026-06-04 19:00:00,HUB-PR,Centro-Oeste,R-PR-CO,Atlas Express,D+2,B2C,23.97,987.4,2026-06-07 01:00:00,2026-06-06 22:58:47.408203067,-2.02,No prazo,136.1,107.37,28.73,21.11
SHP-00162,2026-07-23 06:00:00,HUB-SP,Centro-Oeste,R-RJ-NE,RotaSul,Same Day,B2C,11.96,660.7,2026-07-23 18:00:00,2026-07-23 10:00:00.000000000,-8.0,No prazo,87.27,58.28,28.99,33.22
SHP-00163,2026-07-14 00:00:00,HUB-SP,Nordeste,R-SP-BH,ViaCargo,D+2,B2C,20.98,1425.5,2026-07-16 06:00:00,2026-07-16 06:51:19.355745594,0.86,Atraso leve,140.11,86.39,53.72,38.34
SHP-00164,2026-07-30 22:00:00,HUB-RJ,Nordeste,R-SP-PR,Nexo Log,Econômico,SMB,7.25,284.1,2026-08-03 22:00:00,2026-08-04 08:12:17.360554631,10.2,Atraso crítico,48.29,26.54,21.75,45.04
SHP-00165,2026-06-01 10:00:00,HUB-PR,Sudeste,R-RJ-NE,Atlas Express,D+1,B2C,6.5,1462.6,2026-06-02 16:00:00,2026-06-02 08:00:00.000000000,-8.0,No prazo,110.29,78.35,31.94,28.96
SHP-00166,2026-07-19 23:00:00,HUB-GO,Centro-Oeste,R-SP-PR,RotaSul,D+1,SMB,10.43,700.5,2026-07-21 05:00:00,2026-07-21 23:10:12.109328271,18.17,Atraso crítico,78.68,64.37,14.31,18.19
SHP-00167,2026-07-21 17:00:00,HUB-BH,Centro-Oeste,R-SP-BH,RotaSul,Same Day,SMB,1.12,344.7,2026-07-22 05:00:00,2026-07-22 08:25:29.009314231,3.42,Atraso leve,48.06,36.3,11.76,24.47
SHP-00168,2026-07-30 21:00:00,HUB-SP,Sudeste,R-SP-BH,Atlas Express,D+1,Enterprise,9.96,774.9,2026-08-01 03:00:00,2026-07-31 22:14:01.698910006,-4.77,No prazo,97.09,67.8,29.29,30.17
SHP-00169,2026-06-11 03:00:00,HUB-RJ,Nordeste,R-SP-PR,Atlas Express,D+1,B2C,17.57,1211.0,2026-06-12 09:00:00,2026-06-12 01:00:00.000000000,-8.0,No prazo,116.43,74.42,42.01,36.08
SHP-00170,2026-06-16 00:00:00,HUB-RJ,Sudeste,R-SP-BH,ViaCargo,D+2,B2C,21.8,1287.3,2026-06-18 06:00:00,2026-06-18 07:25:00.452678160,1.42,Atraso leve,132.87,76.16,56.71,42.68
SHP-00171,2026-06-02 15:00:00,HUB-GO,Sudeste,R-PR-CO,RotaSul,D+1,B2C,9.7,70.7,2026-06-03 21:00:00,2026-06-04 05:39:24.094678975,8.66,Atraso crítico,40.37,28.15,12.22,30.27
SHP-00172,2026-07-22 01:00:00,HUB-GO,Sudeste,R-BH-GO,ViaCargo,Econômico,SMB,5.62,95.1,2026-07-26 01:00:00,2026-07-25 19:19:23.055835988,-5.68,No prazo,51.59,30.13,21.46,41.6
SHP-00173,2026-07-07 09:00:00,HUB-SP,Nordeste,R-SP-RJ,Atlas Express,D+2,SMB,10.7,1404.5,2026-07-09 15:00:00,2026-07-09 21:19:38.776855410,6.33,Atraso leve,124.77,91.48,33.29,26.68
SHP-00174,2026-07-14 22:00:00,HUB-SP,Nordeste,R-SP-PR,Atlas Express,D+1,B2C,12.17,815.9,2026-07-16 04:00:00,2026-07-16 20:20:12.859636379,16.34,Atraso crítico,96.56,65.25,31.31,32.43
SHP-00175,2026-07-17 16:00:00,HUB-RJ,Centro-Oeste,R-RJ-NE,ViaCargo,D+2,B2C,19.13,1537.6,2026-07-19 22:00:00,2026-07-20 21:16:57.238306195,23.28,Atraso crítico,152.95,121.15,31.8,20.79
SHP-00176,2026-06-12 13:00:00,HUB-BH,Sudeste,R-BH-GO,ViaCargo,D+2,B2C,2.43,668.6,2026-06-14 19:00:00,2026-06-14 14:30:42.753874092,-4.49,No prazo,77.28,44.56,32.72,42.34
SHP-00177,2026-07-07 20:00:00,HUB-PR,Sul,R-PR-CO,Atlas Express,Econômico,B2C,8.22,976.1,2026-07-11 20:00:00,2026-07-11 19:16:28.545522447,-0.73,No prazo,99.76,76.02,23.74,23.8
SHP-00178,2026-07-17 11:00:00,HUB-BH,Centro-Oeste,R-SP-BH,RotaSul,D+2,B2C,1.51,567.0,2026-07-19 17:00:00,2026-07-20 06:58:44.124086688,13.98,Atraso crítico,69.69,34.18,35.51,50.95
SHP-00179,2026-06-22 20:00:00,HUB-BH,Nordeste,R-RJ-NE,Atlas Express,D+1,B2C,21.28,357.2,2026-06-24 02:00:00,2026-06-25 01:10:17.252220856,23.17,Atraso crítico,87.36,65.08,22.28,25.5
SHP-00180,2026-07-16 00:00:00,HUB-GO,Sul,R-SP-PR,Nexo Log,Same Day,B2C,15.33,1194.2,2026-07-16 12:00:00,2026-07-17 02:41:06.735422881,14.69,Atraso crítico,122.09,86.21,35.88,29.39
SHP-00181,2026-06-02 06:00:00,HUB-SP,Sul,R-PR-CO,ViaCargo,Econômico,B2C,3.56,1556.2,2026-06-06 06:00:00,2026-06-06 03:02:38.993351857,-2.96,No prazo,128.92,102.29,26.63,20.66
SHP-00182,2026-07-05 23:00:00,HUB-SP,Sudeste,R-SP-RJ,Atlas Express,D+1,B2C,1.9,1583.9,2026-07-07 05:00:00,2026-07-06 22:20:06.821017761,-6.66,No prazo,106.57,55.96,50.61,47.49
SHP-00183,2026-06-06 08:00:00,HUB-BH,Nordeste,R-RJ-NE,RotaSul,D+2,B2C,12.63,1144.7,2026-06-08 14:00:00,2026-06-08 06:00:00.000000000,-8.0,No prazo,112.13,67.02,45.11,40.23
SHP-00184,2026-07-09 13:00:00,HUB-RJ,Sul,R-RJ-NE,Atlas Express,D+2,B2C,6.06,1349.7,2026-07-11 19:00:00,2026-07-11 13:49:41.279857110,-5.17,No prazo,108.01,77.04,30.97,28.67
SHP-00185,2026-07-24 03:00:00,HUB-PR,Sudeste,R-RJ-NE,RotaSul,D+1,B2C,21.85,482.6,2026-07-25 09:00:00,2026-07-25 16:27:32.999912973,7.46,Atraso leve,96.29,55.71,40.58,42.14
SHP-00186,2026-07-12 14:00:00,HUB-PR,Nordeste,R-SP-RJ,Atlas Express,D+2,B2C,16.71,1084.5,2026-07-14 20:00:00,2026-07-14 12:19:58.852358092,-7.67,No prazo,122.45,61.86,60.59,49.48
SHP-00187,2026-06-27 08:00:00,HUB-RJ,Sul,R-SP-RJ,ViaCargo,D+1,B2C,5.84,1330.2,2026-06-28 14:00:00,2026-06-28 06:00:00.000000000,-8.0,No prazo,111.9,82.65,29.25,26.14
SHP-00188,2026-07-15 19:00:00,HUB-GO,Nordeste,R-RJ-NE,RotaSul,D+2,B2C,12.78,969.2,2026-07-18 01:00:00,2026-07-18 03:39:32.224847002,2.66,Atraso leve,110.03,55.5,54.53,49.56
SHP-00189,2026-07-02 03:00:00,HUB-BH,Sul,R-PR-CO,ViaCargo,D+2,B2C,10.92,301.7,2026-07-04 09:00:00,2026-07-04 10:43:43.893701907,1.73,Atraso leve,56.77,29.09,27.68,48.76
SHP-00190,2026-07-28 23:00:00,HUB-PR,Centro-Oeste,R-BH-GO,Atlas Express,D+2,B2C,13.77,259.5,2026-07-31 05:00:00,2026-07-31 06:26:33.516451957,1.44,Atraso leve,77.96,41.85,36.11,46.32
SHP-00191,2026-06-24 23:00:00,HUB-RJ,Nordeste,R-BH-GO,Atlas Express,D+1,B2C,21.76,807.8,2026-06-26 05:00:00,2026-06-25 21:00:00.000000000,-8.0,No prazo,118.67,91.25,27.42,23.11
SHP-00192,2026-06-15 02:00:00,HUB-RJ,Centro-Oeste,R-SP-PR,RotaSul,D+1,SMB,14.06,1589.7,2026-06-16 08:00:00,2026-06-16 07:27:09.157947692,-0.55,No prazo,152.91,100.78,52.13,34.09
SHP-00193,2026-06-25 08:00:00,HUB-RJ,Centro-Oeste,R-PR-CO,Nexo Log,D+1,SMB,7.42,712.1,2026-06-26 14:00:00,2026-06-26 13:45:42.871460770,-0.24,No prazo,91.9,74.89,17.01,18.51
SHP-00194,2026-07-21 05:00:00,HUB-RJ,Centro-Oeste,R-SP-RJ,Nexo Log,D+1,B2C,13.55,816.2,2026-07-22 11:00:00,2026-07-23 02:06:16.237517200,15.1,Atraso crítico,100.55,62.22,38.33,38.12
SHP-00195,2026-06-26 16:00:00,HUB-BH,Sudeste,R-SP-BH,Nexo Log,D+1,B2C,10.82,376.2,2026-06-27 22:00:00,2026-06-28 02:11:10.687653129,4.19,Atraso leve,74.23,49.61,24.62,33.17
SHP-00196,2026-07-22 06:00:00,HUB-RJ,Centro-Oeste,R-PR-CO,Atlas Express,D+2,B2C,1.51,937.0,2026-07-24 12:00:00,2026-07-24 17:20:25.410596232,5.34,Atraso leve,68.94,52.99,15.95,23.14
SHP-00197,2026-06-14 23:00:00,HUB-RJ,Sudeste,R-SP-PR,RotaSul,D+1,B2C,21.45,32.5,2026-06-16 05:00:00,2026-06-16 03:27:46.787309430,-1.54,No prazo,61.01,48.04,12.97,21.26
SHP-00198,2026-07-19 09:00:00,HUB-PR,Sudeste,R-RJ-NE,Nexo Log,D+1,B2C,14.47,1525.7,2026-07-20 15:00:00,2026-07-21 15:19:02.019078279,24.32,Atraso crítico,137.75,80.19,57.56,41.79
SHP-00199,2026-07-15 06:00:00,HUB-BH,Centro-Oeste,R-SP-RJ,RotaSul,D+1,B2C,10.65,1035.8,2026-07-16 12:00:00,2026-07-16 15:07:01.409553097,3.12,Atraso leve,106.47,79.22,27.25,25.59
SHP-00200,2026-06-02 08:00:00,HUB-PR,Centro-Oeste,R-BH-GO,Atlas Express,D+2,SMB,1.21,369.4,2026-06-04 14:00:00,2026-06-04 11:45:00.959627586,-2.25,No prazo,47.99,29.79,18.2,37.92
SHP-00201,2026-07-05 07:00:00,HUB-PR,Nordeste,R-PR-CO,Nexo Log,D+1,Enterprise,22.21,1523.8,2026-07-06 13:00:00,2026-07-06 10:34:17.297124642,-2.43,No prazo,140.32,103.75,36.57,26.06
SHP-00202,2026-06-02 07:00:00,HUB-BH,Nordeste,R-SP-BH,Atlas Express,Econômico,B2C,20.42,987.9,2026-06-06 07:00:00,2026-06-06 18:01:41.276309951,11.03,Atraso crítico,122.51,76.19,46.32,37.81
SHP-00203,2026-07-11 00:00:00,HUB-PR,Centro-Oeste,R-RJ-NE,Atlas Express,Same Day,B2C,11.44,823.1,2026-07-11 12:00:00,2026-07-11 04:38:41.931348307,-7.36,No prazo,88.82,71.91,16.91,19.04
SHP-00204,2026-07-22 04:00:00,HUB-RJ,Centro-Oeste,R-SP-PR,RotaSul,D+1,B2C,22.63,1178.6,2026-07-23 10:00:00,2026-07-24 07:25:28.048450378,21.42,Atraso crítico,127.21,108.06,19.15,15.05
SHP-00205,2026-07-06 15:00:00,HUB-SP,Sul,R-BH-GO,Atlas Express,Econômico,B2C,23.7,253.7,2026-07-10 15:00:00,2026-07-10 08:37:05.066409252,-6.38,No prazo,75.19,53.33,21.86,29.07
SHP-00206,2026-07-12 19:00:00,HUB-PR,Sudeste,R-RJ-NE,RotaSul,D+2,Enterprise,8.17,1355.4,2026-07-15 01:00:00,2026-07-15 10:58:21.236129982,9.97,Atraso crítico,117.08,89.75,27.33,23.34
SHP-00207,2026-06-16 08:00:00,HUB-RJ,Nordeste,R-BH-GO,Nexo Log,Same Day,B2C,3.57,257.0,2026-06-16 20:00:00,2026-06-16 23:56:43.783344732,3.95,Atraso leve,52.11,25.85,26.26,50.39
SHP-00208,2026-06-30 14:00:00,HUB-BH,Centro-Oeste,R-RJ-NE,Nexo Log,D+1,B2C,6.86,65.8,2026-07-01 20:00:00,2026-07-02 04:43:43.363334993,8.73,Atraso crítico,46.0,27.93,18.07,39.28
SHP-00209,2026-06-26 01:00:00,HUB-RJ,Sul,R-SP-RJ,RotaSul,D+1,B2C,19.49,613.9,2026-06-27 07:00:00,2026-06-27 06:11:28.030058615,-0.81,No prazo,98.05,66.85,31.2,31.82
SHP-00210,2026-06-24 21:00:00,HUB-BH,Centro-Oeste,R-PR-CO,Atlas Express,D+1,B2C,18.83,1508.7,2026-06-26 03:00:00,2026-06-26 05:35:26.911441415,2.59,Atraso leve,133.31,91.25,42.06,31.55
SHP-00211,2026-07-17 10:00:00,HUB-RJ,Nordeste,R-RJ-NE,ViaCargo,D+2,Enterprise,1.21,720.2,2026-07-19 16:00:00,2026-07-19 08:00:00.000000000,-8.0,No prazo,69.58,36.87,32.71,47.01
SHP-00212,2026-07-30 02:00:00,HUB-BH,Sudeste,R-SP-RJ,ViaCargo,Same Day,B2C,7.91,775.5,2026-07-30 14:00:00,2026-07-31 05:09:44.642461586,15.16,Atraso crítico,96.13,61.66,34.47,35.86
SHP-00213,2026-07-18 13:00:00,HUB-BH,Sul,R-BH-GO,Atlas Express,Same Day,B2C,12.16,1554.2,2026-07-19 01:00:00,2026-07-19 01:28:57.084763934,0.48,Atraso leve,129.05,84.08,44.97,34.85
SHP-00214,2026-07-27 01:00:00,HUB-RJ,Sul,R-PR-CO,Nexo Log,Econômico,B2C,23.44,310.6,2026-07-31 01:00:00,2026-07-31 03:49:25.440172951,2.82,Atraso leve,83.16,40.79,42.37,50.95
SHP-00215,2026-07-14 02:00:00,HUB-BH,Centro-Oeste,R-RJ-NE,RotaSul,D+1,SMB,8.65,567.9,2026-07-15 08:00:00,2026-07-15 00:00:00.000000000,-8.0,No prazo,79.6,50.83,28.77,36.14
SHP-00216,2026-06-17 01:00:00,HUB-RJ,Sudeste,R-SP-BH,ViaCargo,D+2,SMB,8.36,76.8,2026-06-19 07:00:00,2026-06-20 10:31:01.004909731,27.52,Atraso crítico,46.46,24.26,22.2,47.78
SHP-00217,2026-06-21 21:00:00,HUB-GO,Nordeste,R-SP-RJ,Atlas Express,Econômico,B2C,17.11,1146.0,2026-06-25 21:00:00,2026-06-26 01:15:20.745584035,4.26,Atraso leve,134.35,80.09,54.26,40.39
SHP-00218,2026-07-07 15:00:00,HUB-SP,Sul,R-RJ-NE,Nexo Log,D+2,B2C,0.54,1485.4,2026-07-09 21:00:00,2026-07-09 13:00:00.000000000,-8.0,No prazo,103.33,50.99,52.34,50.65
SHP-00219,2026-06-21 09:00:00,HUB-RJ,Sul,R-SP-BH,RotaSul,Same Day,B2C,9.21,625.5,2026-06-21 21:00:00,2026-06-22 02:27:55.350157029,5.47,Atraso leve,74.38,43.99,30.39,40.86
SHP-00220,2026-06-12 19:00:00,HUB-PR,Centro-Oeste,R-SP-BH,ViaCargo,D+1,SMB,22.3,814.2,2026-06-14 01:00:00,2026-06-14 07:00:37.360966272,6.01,Atraso leve,114.44,67.17,47.27,41.31
SHP-00221,2026-07-15 06:00:00,HUB-SP,Sul,R-PR-CO,Atlas Express,Econômico,SMB,19.39,503.9,2026-07-19 06:00:00,2026-07-19 21:41:29.168534871,15.69,Atraso crítico,101.79,52.12,49.67,48.8
SHP-00222,2026-07-17 06:00:00,HUB-PR,Sudeste,R-SP-BH,Atlas Express,Same Day,B2C,18.53,1281.8,2026-07-17 18:00:00,2026-07-17 12:36:59.831208744,-5.38,No prazo,134.77,103.95,30.82,22.87
SHP-00223,2026-07-29 23:00:00,HUB-PR,Sul,R-SP-PR,RotaSul,Same Day,B2C,9.55,688.8,2026-07-30 11:00:00,2026-07-31 04:41:58.116227104,17.7,Atraso crítico,92.01,57.88,34.13,37.09
SHP-00224,2026-06-17 03:00:00,HUB-BH,Sul,R-SP-RJ,RotaSul,D+2,SMB,12.16,255.6,2026-06-19 09:00:00,2026-06-19 14:36:02.164219661,5.6,Atraso leve,59.97,40.32,19.65,32.77
SHP-00225,2026-07-29 03:00:00,HUB-SP,Nordeste,R-SP-BH,RotaSul,Econômico,B2C,20.15,240.2,2026-08-02 03:00:00,2026-08-02 07:40:18.672622363,4.67,Atraso leve,78.65,42.3,36.35,46.22
SHP-00226,2026-07-29 07:00:00,HUB-GO,Nordeste,R-SP-RJ,Atlas Express,D+1,B2C,13.62,1157.8,2026-07-30 13:00:00,2026-07-30 23:13:44.847129759,10.23,Atraso crítico,105.03,71.76,33.27,31.68
SHP-00227,2026-07-01 18:00:00,HUB-SP,Centro-Oeste,R-BH-GO,RotaSul,D+1,B2C,22.5,1433.1,2026-07-03 00:00:00,2026-07-02 18:30:53.699177247,-5.49,No prazo,140.23,82.72,57.51,41.01
SHP-00228,2026-06-08 08:00:00,HUB-SP,Centro-Oeste,R-SP-PR,Atlas Express,D+1,B2C,23.99,736.7,2026-06-09 14:00:00,2026-06-09 21:14:41.785371995,7.24,Atraso leve,121.92,78.52,43.4,35.6
SHP-00229,2026-07-25 03:00:00,HUB-PR,Nordeste,R-SP-RJ,RotaSul,Econômico,B2C,8.65,732.1,2026-07-29 03:00:00,2026-07-29 07:48:55.372708212,4.82,Atraso leve,81.11,44.17,36.94,45.54
SHP-00230,2026-06-20 03:00:00,HUB-SP,Centro-Oeste,R-BH-GO,Atlas Express,D+2,SMB,15.76,552.3,2026-06-22 09:00:00,2026-06-22 01:46:43.025837175,-7.22,No prazo,90.71,46.44,44.27,48.8
SHP-00231,2026-06-25 09:00:00,HUB-GO,Sul,R-PR-CO,ViaCargo,D+1,B2C,12.98,485.5,2026-06-26 15:00:00,2026-06-26 17:07:52.498170741,2.13,Atraso leve,66.89,40.5,26.39,39.45
SHP-00232,2026-06-23 08:00:00,HUB-RJ,Sul,R-RJ-NE,Nexo Log,D+1,B2C,9.44,562.4,2026-06-24 14:00:00,2026-06-24 16:37:01.920764965,2.62,Atraso leve,76.21,56.58,19.63,25.76
SHP-00233,2026-06-17 04:00:00,HUB-SP,Nordeste,R-PR-CO,ViaCargo,D+2,B2C,1.6,695.1,2026-06-19 10:00:00,2026-06-19 23:25:30.641487341,13.43,Atraso crítico,72.72,59.31,13.41,18.44
SHP-00234,2026-07-18 20:00:00,HUB-SP,Centro-Oeste,R-SP-RJ,ViaCargo,D+2,SMB,12.28,1161.6,2026-07-21 02:00:00,2026-07-20 20:53:05.276630648,-5.12,No prazo,122.96,85.32,37.64,30.61
SHP-00235,2026-07-06 16:00:00,HUB-SP,Sudeste,R-PR-CO,Atlas Express,Econômico,B2C,5.35,1378.6,2026-07-10 16:00:00,2026-07-10 08:06:07.012944699,-7.9,No prazo,116.2,72.38,43.82,37.71
SHP-00236,2026-07-04 14:00:00,HUB-RJ,Centro-Oeste,R-SP-BH,Atlas Express,D+2,B2C,21.34,1226.3,2026-07-06 20:00:00,2026-07-07 08:51:51.773251863,12.86,Atraso crítico,126.98,73.57,53.41,42.06
SHP-00237,2026-07-06 10:00:00,HUB-PR,Sul,R-BH-GO,Nexo Log,D+1,SMB,17.54,83.4,2026-07-07 16:00:00,2026-07-07 08:28:14.744014224,-7.53,No prazo,52.03,37.88,14.15,27.2
SHP-00238,2026-06-03 14:00:00,HUB-BH,Nordeste,R-SP-BH,RotaSul,D+2,Enterprise,7.93,841.9,2026-06-05 20:00:00,2026-06-06 02:45:29.949940950,6.76,Atraso leve,86.14,58.87,27.27,31.66
SHP-00239,2026-07-20 20:00:00,HUB-SP,Sudeste,R-SP-RJ,ViaCargo,D+1,B2C,7.04,291.6,2026-07-22 02:00:00,2026-07-21 23:42:02.407537104,-2.3,No prazo,62.52,40.56,21.96,35.12
SHP-00240,2026-06-22 09:00:00,HUB-BH,Centro-Oeste,R-SP-RJ,Atlas Express,Same Day,B2C,6.45,1577.9,2026-06-22 21:00:00,2026-06-22 17:52:52.175505881,-3.12,No prazo,118.27,64.73,53.54,45.27
SHP-00241,2026-07-21 04:00:00,HUB-RJ,Nordeste,R-BH-GO,RotaSul,D+1,B2C,10.4,1108.3,2026-07-22 10:00:00,2026-07-22 20:32:20.605285077,10.54,Atraso crítico,116.41,70.51,45.9,39.43
SHP-00242,2026-06-09 13:00:00,HUB-SP,Centro-Oeste,R-RJ-NE,Nexo Log,D+1,B2C,7.06,1162.1,2026-06-10 19:00:00,2026-06-10 14:02:59.943745549,-4.95,No prazo,92.98,71.9,21.08,22.67
SHP-00243,2026-06-19 07:00:00,HUB-BH,Nordeste,R-SP-RJ,Nexo Log,Same Day,Enterprise,13.25,690.6,2026-06-19 19:00:00,2026-06-19 20:55:13.376331993,1.92,Atraso leve,97.04,62.71,34.33,35.38
SHP-00244,2026-06-15 07:00:00,HUB-GO,Nordeste,R-BH-GO,Atlas Express,D+1,B2C,11.57,1419.8,2026-06-16 13:00:00,2026-06-16 12:12:19.551156675,-0.79,No prazo,130.7,93.19,37.51,28.7
SHP-00245,2026-06-04 22:00:00,HUB-RJ,Sul,R-SP-PR,RotaSul,D+2,B2C,7.47,412.6,2026-06-07 04:00:00,2026-06-06 20:00:00.000000000,-8.0,No prazo,60.01,31.87,28.14,46.89
SHP-00246,2026-06-20 20:00:00,HUB-PR,Nordeste,R-SP-PR,ViaCargo,D+1,Enterprise,5.85,253.7,2026-06-22 02:00:00,2026-06-22 04:33:43.025495741,2.56,Atraso leve,39.29,19.49,19.8,50.39
SHP-00247,2026-06-17 10:00:00,HUB-SP,Sudeste,R-SP-RJ,ViaCargo,D+2,B2C,18.19,584.3,2026-06-19 16:00:00,2026-06-19 09:04:18.467198272,-6.93,No prazo,80.98,55.26,25.72,31.76
SHP-00248,2026-07-06 18:00:00,HUB-SP,Sul,R-BH-GO,Nexo Log,D+1,B2C,14.4,1270.7,2026-07-08 00:00:00,2026-07-07 16:00:00.000000000,-8.0,No prazo,130.07,101.9,28.17,21.66
SHP-00249,2026-07-02 20:00:00,HUB-GO,Sul,R-BH-GO,Nexo Log,D+1,B2C,16.43,1559.7,2026-07-04 02:00:00,2026-07-05 02:35:13.711558846,24.59,Atraso crítico,141.42,93.73,47.69,33.72
SHP-00250,2026-07-27 03:00:00,HUB-BH,Sudeste,R-PR-CO,Atlas Express,D+1,SMB,22.37,211.3,2026-07-28 09:00:00,2026-07-29 14:08:20.363273733,29.14,Atraso crítico,73.07,54.09,18.98,25.98
SHP-00251,2026-06-07 14:00:00,HUB-GO,Centro-Oeste,R-SP-RJ,RotaSul,D+2,Enterprise,19.91,1153.6,2026-06-09 20:00:00,2026-06-10 03:57:22.828385003,7.96,Atraso leve,129.93,76.61,53.32,41.04
SHP-00252,2026-07-16 16:00:00,HUB-PR,Sul,R-SP-BH,RotaSul,D+2,B2C,18.2,1596.3,2026-07-18 22:00:00,2026-07-19 02:34:45.096569880,4.58,Atraso leve,140.38,77.04,63.34,45.12
SHP-00253,2026-07-21 12:00:00,HUB-BH,Sul,R-BH-GO,ViaCargo,Same Day,B2C,14.13,1056.9,2026-07-22 00:00:00,2026-07-22 05:46:10.529354924,5.77,Atraso leve,116.98,81.66,35.32,30.19
SHP-00254,2026-07-06 05:00:00,HUB-SP,Sudeste,R-RJ-NE,RotaSul,D+2,B2C,12.75,1398.7,2026-07-08 11:00:00,2026-07-09 02:58:51.953986329,15.98,Atraso crítico,132.13,67.49,64.64,48.92
SHP-00255,2026-06-02 03:00:00,HUB-RJ,Centro-Oeste,R-RJ-NE,ViaCargo,Econômico,B2C,8.26,722.3,2026-06-06 03:00:00,2026-06-06 02:16:24.237812437,-0.73,No prazo,91.02,66.07,24.95,27.41
SHP-00256,2026-07-06 17:00:00,HUB-SP,Sul,R-RJ-NE,Atlas Express,Same Day,B2C,9.09,1511.5,2026-07-07 05:00:00,2026-07-06 21:00:00.000000000,-8.0,No prazo,127.02,71.11,55.91,44.02
SHP-00257,2026-06-03 11:00:00,HUB-GO,Nordeste,R-RJ-NE,ViaCargo,D+1,Enterprise,2.84,979.7,2026-06-04 17:00:00,2026-06-05 03:45:35.474232470,10.76,Atraso crítico,97.25,59.98,37.27,38.32
SHP-00258,2026-07-19 09:00:00,HUB-BH,Nordeste,R-BH-GO,Nexo Log,Econômico,SMB,5.24,1313.8,2026-07-23 09:00:00,2026-07-23 20:10:56.015338850,11.18,Atraso crítico,108.68,53.42,55.26,50.85
SHP-00259,2026-07-14 05:00:00,HUB-BH,Nordeste,R-SP-BH,Nexo Log,Same Day,B2C,12.87,1033.1,2026-07-14 17:00:00,2026-07-14 09:00:00.000000000,-8.0,No prazo,106.84,66.53,40.31,37.73
SHP-00260,2026-07-27 11:00:00,HUB-GO,Sul,R-SP-BH,Atlas Express,D+1,B2C,5.6,884.6,2026-07-28 17:00:00,2026-07-29 06:42:09.140341349,13.7,Atraso crítico,78.66,42.12,36.54,46.45
SHP-00261,2026-07-17 13:00:00,HUB-BH,Sudeste,R-BH-GO,ViaCargo,Econômico,B2C,21.68,1329.1,2026-07-21 13:00:00,2026-07-22 03:36:37.366450968,14.61,Atraso crítico,144.07,99.53,44.54,30.92
SHP-00262,2026-07-26 01:00:00,HUB-BH,Sudeste,R-PR-CO,ViaCargo,Econômico,B2C,9.18,34.6,2026-07-30 01:00:00,2026-07-30 17:49:43.677238058,16.83,Atraso crítico,46.09,30.07,16.02,34.76
SHP-00263,2026-06-09 12:00:00,HUB-SP,Nordeste,R-BH-GO,RotaSul,D+1,Enterprise,7.81,480.9,2026-06-10 18:00:00,2026-06-10 18:42:04.482029726,0.7,Atraso leve,68.87,44.75,24.12,35.02
SHP-00264,2026-06-11 15:00:00,HUB-PR,Nordeste,R-BH-GO,Atlas Express,D+1,SMB,6.44,750.0,2026-06-12 21:00:00,2026-06-13 07:04:29.327123362,10.07,Atraso crítico,68.27,47.11,21.16,30.99
SHP-00265,2026-06-16 03:00:00,HUB-RJ,Sul,R-BH-GO,RotaSul,D+2,SMB,2.58,1053.2,2026-06-18 09:00:00,2026-06-18 05:31:16.892910194,-3.48,No prazo,101.71,49.37,52.34,51.46
SHP-00266,2026-06-03 17:00:00,HUB-BH,Sudeste,R-SP-PR,Nexo Log,Econômico,B2C,16.78,1376.5,2026-06-07 17:00:00,2026-06-08 03:24:05.853607093,10.4,Atraso crítico,124.65,99.08,25.57,20.51
SHP-00267,2026-07-14 13:00:00,HUB-PR,Sul,R-SP-BH,ViaCargo,Same Day,B2C,4.15,730.0,2026-07-15 01:00:00,2026-07-15 04:06:34.679692873,3.11,Atraso leve,72.09,53.42,18.67,25.9
SHP-00268,2026-06-21 07:00:00,HUB-RJ,Centro-Oeste,R-RJ-NE,ViaCargo,D+1,B2C,2.31,659.9,2026-06-22 13:00:00,2026-06-22 18:28:10.399175624,5.47,Atraso leve,78.25,62.85,15.4,19.68
SHP-00269,2026-07-02 14:00:00,HUB-BH,Sudeste,R-SP-PR,Atlas Express,D+2,SMB,14.82,383.6,2026-07-04 20:00:00,2026-07-04 20:49:33.239838335,0.83,Atraso leve,79.9,47.9,32.0,40.05
SHP-00270,2026-06-09 21:00:00,HUB-PR,Sudeste,R-SP-BH,RotaSul,D+2,SMB,11.96,328.0,2026-06-12 03:00:00,2026-06-12 08:01:50.188677107,5.03,Atraso leve,76.29,57.97,18.32,24.01
SHP-00271,2026-07-25 19:00:00,HUB-BH,Nordeste,R-PR-CO,ViaCargo,D+1,B2C,10.26,903.2,2026-07-27 01:00:00,2026-07-28 04:04:52.342782188,27.08,Atraso crítico,91.73,53.03,38.7,42.19
SHP-00272,2026-07-05 12:00:00,HUB-PR,Centro-Oeste,R-BH-GO,Nexo Log,Econômico,B2C,10.4,751.1,2026-07-09 12:00:00,2026-07-09 04:52:48.155374970,-7.12,No prazo,80.3,61.01,19.29,24.02
SHP-00273,2026-07-20 19:00:00,HUB-RJ,Nordeste,R-RJ-NE,RotaSul,D+2,Enterprise,21.18,1171.1,2026-07-23 01:00:00,2026-07-22 19:18:02.292034194,-5.7,No prazo,138.63,97.86,40.77,29.41
SHP-00274,2026-06-18 17:00:00,HUB-GO,Sul,R-SP-BH,Nexo Log,D+1,B2C,10.98,1484.2,2026-06-19 23:00:00,2026-06-20 10:08:40.593699075,11.14,Atraso crítico,126.35,84.94,41.41,32.77
SHP-00275,2026-06-20 03:00:00,HUB-GO,Sul,R-PR-CO,Nexo Log,D+1,B2C,11.9,1292.2,2026-06-21 09:00:00,2026-06-21 01:00:00.000000000,-8.0,No prazo,130.06,65.53,64.53,49.62
SHP-00276,2026-06-16 00:00:00,HUB-BH,Sul,R-BH-GO,RotaSul,D+2,SMB,11.43,937.5,2026-06-18 06:00:00,2026-06-18 00:51:32.142613998,-5.14,No prazo,99.8,63.93,35.87,35.94
SHP-00277,2026-06-05 04:00:00,HUB-BH,Nordeste,R-SP-PR,RotaSul,Econômico,B2C,14.07,467.2,2026-06-09 04:00:00,2026-06-08 22:26:55.900991644,-5.55,No prazo,84.91,47.65,37.26,43.88
SHP-00278,2026-06-10 11:00:00,HUB-GO,Sul,R-SP-RJ,RotaSul,D+2,B2C,21.04,1579.3,2026-06-12 17:00:00,2026-06-13 05:40:00.570917282,12.67,Atraso crítico,162.71,87.28,75.43,46.36
SHP-00279,2026-07-27 20:00:00,HUB-GO,Centro-Oeste,R-SP-PR,Nexo Log,Econômico,B2C,9.43,1302.5,2026-07-31 20:00:00,2026-08-01 07:36:41.324173816,11.61,Atraso crítico,121.3,85.29,36.01,29.69
SHP-00280,2026-07-03 05:00:00,HUB-GO,Sudeste,R-RJ-NE,Atlas Express,D+2,Enterprise,6.14,236.1,2026-07-05 11:00:00,2026-07-05 12:36:49.113802958,1.61,Atraso leve,60.17,33.51,26.66,44.31
SHP-00281,2026-06-25 11:00:00,HUB-BH,Centro-Oeste,R-SP-RJ,ViaCargo,D+2,B2C,8.66,665.4,2026-06-27 17:00:00,2026-06-27 14:59:49.024157321,-2.0,No prazo,71.24,52.14,19.1,26.81
SHP-00282,2026-07-19 16:00:00,HUB-GO,Nordeste,R-BH-GO,Atlas Express,D+1,B2C,7.31,894.7,2026-07-20 22:00:00,2026-07-21 04:10:00.422699877,6.17,Atraso leve,85.45,48.92,36.53,42.75
SHP-00283,2026-06-04 16:00:00,HUB-SP,Centro-Oeste,R-BH-GO,ViaCargo,D+2,B2C,20.3,292.3,2026-06-06 22:00:00,2026-06-06 17:35:20.256466677,-4.41,No prazo,87.76,52.89,34.87,39.73
SHP-00284,2026-06-06 20:00:00,HUB-BH,Nordeste,R-RJ-NE,Atlas Express,D+1,SMB,5.56,1162.6,2026-06-08 02:00:00,2026-06-08 03:13:48.436545364,1.23,Atraso leve,109.44,55.54,53.9,49.25
SHP-00285,2026-07-25 14:00:00,HUB-BH,Centro-Oeste,R-PR-CO,Nexo Log,D+2,B2C,15.74,1471.8,2026-07-27 20:00:00,2026-07-28 18:45:59.200792417,22.77,Atraso crítico,127.36,74.81,52.55,41.26
SHP-00286,2026-07-02 18:00:00,HUB-GO,Nordeste,R-SP-RJ,ViaCargo,D+2,B2C,4.05,1282.2,2026-07-05 00:00:00,2026-07-05 01:07:37.486941302,1.13,Atraso leve,114.4,56.81,57.59,50.34
SHP-00287,2026-07-10 14:00:00,HUB-SP,Sul,R-BH-GO,Nexo Log,D+2,B2C,2.98,178.8,2026-07-12 20:00:00,2026-07-12 12:00:00.000000000,-8.0,No prazo,45.45,27.24,18.21,40.07
SHP-00288,2026-06-09 08:00:00,HUB-BH,Centro-Oeste,R-RJ-NE,ViaCargo,D+2,SMB,9.37,1339.8,2026-06-11 14:00:00,2026-06-11 06:00:00.000000000,-8.0,No prazo,107.38,78.55,28.83,26.85
SHP-00289,2026-06-06 03:00:00,HUB-GO,Sul,R-BH-GO,Nexo Log,D+2,B2C,18.54,1597.2,2026-06-08 09:00:00,2026-06-08 16:37:41.400939198,7.63,Atraso leve,149.37,74.81,74.56,49.92
SHP-00290,2026-07-12 00:00:00,HUB-RJ,Centro-Oeste,R-BH-GO,Nexo Log,D+1,B2C,4.57,277.7,2026-07-13 06:00:00,2026-07-12 22:19:55.176692968,-7.67,No prazo,39.09,30.37,8.72,22.31
SHP-00291,2026-06-27 21:00:00,HUB-BH,Sul,R-SP-RJ,ViaCargo,D+2,Enterprise,10.54,1478.5,2026-06-30 03:00:00,2026-06-30 12:38:52.006190895,9.65,Atraso crítico,122.54,87.12,35.42,28.9
SHP-00292,2026-07-07 01:00:00,HUB-PR,Sudeste,R-PR-CO,RotaSul,Econômico,B2C,5.44,1302.8,2026-07-11 01:00:00,2026-07-11 10:13:53.121982180,9.23,Atraso crítico,114.39,63.54,50.85,44.45
SHP-00293,2026-06-13 09:00:00,HUB-RJ,Centro-Oeste,R-RJ-NE,ViaCargo,D+2,B2C,6.64,604.2,2026-06-15 15:00:00,2026-06-15 20:59:22.095482987,5.99,Atraso leve,60.98,45.59,15.39,25.24
SHP-00294,2026-07-10 05:00:00,HUB-RJ,Sul,R-RJ-NE,Nexo Log,D+1,B2C,5.73,116.8,2026-07-11 11:00:00,2026-07-11 12:17:31.308460857,1.29,Atraso leve,50.51,30.71,19.8,39.2
SHP-00295,2026-06-19 23:00:00,HUB-BH,Nordeste,R-RJ-NE,RotaSul,D+1,B2C,15.93,699.2,2026-06-21 05:00:00,2026-06-21 11:50:34.665374725,6.84,Atraso leve,101.42,64.47,36.95,36.43
SHP-00296,2026-07-27 14:00:00,HUB-SP,Sul,R-BH-GO,RotaSul,D+1,B2C,3.15,665.5,2026-07-28 20:00:00,2026-07-28 22:46:41.949751154,2.78,Atraso leve,70.51,56.16,14.35,20.35
SHP-00297,2026-07-24 16:00:00,HUB-BH,Sudeste,R-SP-PR,ViaCargo,Same Day,B2C,5.36,450.2,2026-07-25 04:00:00,2026-07-25 21:04:00.114413799,17.07,Atraso crítico,58.98,42.81,16.17,27.42
SHP-00298,2026-06-08 08:00:00,HUB-BH,Sul,R-SP-PR,Atlas Express,D+1,Enterprise,0.78,1507.1,2026-06-09 14:00:00,2026-06-09 14:45:12.960691944,0.75,Atraso leve,101.07,52.87,48.2,47.69
SHP-00299,2026-07-05 10:00:00,HUB-BH,Nordeste,R-BH-GO,Nexo Log,D+2,Enterprise,23.39,338.4,2026-07-07 16:00:00,2026-07-07 16:49:55.906685779,0.83,Atraso leve,92.63,57.69,34.94,37.72
SHP-00300,2026-06-06 13:00:00,HUB-GO,Sul,R-SP-PR,RotaSul,D+1,B2C,15.64,1549.1,2026-06-07 19:00:00,2026-06-07 14:49:07.391818822,-4.18,No prazo,130.36,103.48,26.88,20.62
SHP-00301,2026-07-23 14:00:00,HUB-SP,Centro-Oeste,R-SP-RJ,Atlas Express,D+2,Enterprise,3.89,401.9,2026-07-25 20:00:00,2026-07-25 14:24:10.706602006,-5.6,No prazo,64.85,31.89,32.96,50.82
SHP-00302,2026-06-28 14:00:00,HUB-SP,Sudeste,R-PR-CO,Nexo Log,Same Day,B2C,1.63,949.8,2026-06-29 02:00:00,2026-06-30 16:36:40.758209464,38.61,Atraso crítico,86.43,58.77,27.66,32.0
SHP-00303,2026-07-05 21:00:00,HUB-PR,Nordeste,R-SP-BH,ViaCargo,D+2,Enterprise,11.43,524.7,2026-07-08 03:00:00,2026-07-08 05:51:10.159582373,2.85,Atraso leve,66.72,37.58,29.14,43.68
SHP-00304,2026-07-11 06:00:00,HUB-GO,Nordeste,R-SP-RJ,Atlas Express,D+1,SMB,6.95,678.0,2026-07-12 12:00:00,2026-07-13 00:04:02.334375308,12.07,Atraso crítico,72.6,54.56,18.04,24.85
SHP-00305,2026-07-27 01:00:00,HUB-SP,Sudeste,R-SP-RJ,RotaSul,D+2,Enterprise,12.53,548.2,2026-07-29 07:00:00,2026-07-29 02:49:53.170479369,-4.17,No prazo,71.87,34.79,37.08,51.59
SHP-00306,2026-07-26 01:00:00,HUB-BH,Sudeste,R-RJ-NE,RotaSul,Same Day,B2C,13.12,522.9,2026-07-26 13:00:00,2026-07-27 08:40:56.405901696,19.68,Atraso crítico,74.78,50.48,24.3,32.5
SHP-00307,2026-06-16 11:00:00,HUB-GO,Centro-Oeste,R-SP-RJ,RotaSul,Econômico,B2C,15.76,1140.4,2026-06-20 11:00:00,2026-06-20 03:00:00.000000000,-8.0,No prazo,124.57,96.86,27.71,22.24
SHP-00308,2026-07-20 10:00:00,HUB-PR,Sudeste,R-RJ-NE,Atlas Express,Same Day,SMB,5.94,111.2,2026-07-20 22:00:00,2026-07-20 14:00:00.000000000,-8.0,No prazo,45.13,24.12,21.01,46.55
SHP-00309,2026-07-26 22:00:00,HUB-GO,Centro-Oeste,R-RJ-NE,ViaCargo,D+1,SMB,11.45,1053.4,2026-07-28 04:00:00,2026-07-28 16:24:13.189231276,12.4,Atraso crítico,98.95,80.44,18.51,18.71
SHP-00310,2026-07-05 00:00:00,HUB-RJ,Sul,R-SP-PR,Nexo Log,D+2,B2C,2.21,1242.5,2026-07-07 06:00:00,2026-07-08 13:41:53.333439019,31.7,Atraso crítico,101.28,57.67,43.61,43.06
SHP-00311,2026-06-20 07:00:00,HUB-BH,Centro-Oeste,R-PR-CO,Nexo Log,D+2,SMB,17.07,1517.8,2026-06-22 13:00:00,2026-06-22 12:08:55.972348964,-0.85,No prazo,132.21,78.12,54.09,40.91
SHP-00312,2026-06-17 23:00:00,HUB-BH,Sudeste,R-SP-RJ,RotaSul,D+2,SMB,3.56,438.1,2026-06-20 05:00:00,2026-06-20 06:33:11.159324447,1.55,Atraso leve,66.36,45.44,20.92,31.53
SHP-00313,2026-06-23 22:00:00,HUB-RJ,Sudeste,R-SP-RJ,Atlas Express,D+1,B2C,17.01,994.2,2026-06-25 04:00:00,2026-06-25 05:19:12.987044686,1.32,Atraso leve,101.11,54.87,46.24,45.73
SHP-00314,2026-07-30 08:00:00,HUB-PR,Sul,R-RJ-NE,RotaSul,Econômico,B2C,18.04,1561.0,2026-08-03 08:00:00,2026-08-03 04:18:32.796739750,-3.69,No prazo,145.65,101.73,43.92,30.15
SHP-00315,2026-06-13 15:00:00,HUB-GO,Centro-Oeste,R-PR-CO,Atlas Express,Same Day,B2C,14.83,800.4,2026-06-14 03:00:00,2026-06-14 19:04:26.524123099,16.07,Atraso crítico,101.63,54.02,47.61,46.85
SHP-00316,2026-07-18 05:00:00,HUB-BH,Sudeste,R-RJ-NE,Atlas Express,D+2,B2C,21.21,607.7,2026-07-20 11:00:00,2026-07-20 14:18:58.572555488,3.32,Atraso leve,98.87,61.23,37.64,38.07
SHP-00317,2026-06-20 06:00:00,HUB-SP,Nordeste,R-SP-RJ,Nexo Log,Econômico,B2C,20.88,1452.3,2026-06-24 06:00:00,2026-06-24 17:20:34.601434862,11.34,Atraso crítico,141.99,97.65,44.34,31.23
SHP-00318,2026-07-14 15:00:00,HUB-SP,Sudeste,R-SP-BH,Nexo Log,D+1,Enterprise,18.79,1221.1,2026-07-15 21:00:00,2026-07-16 01:02:33.600364711,4.04,Atraso leve,124.76,68.59,56.17,45.02
SHP-00319,2026-06-24 16:00:00,HUB-SP,Nordeste,R-PR-CO,RotaSul,Econômico,Enterprise,11.28,90.2,2026-06-28 16:00:00,2026-06-28 17:55:08.868198774,1.92,Atraso leve,42.48,26.03,16.45,38.72
SHP-00320,2026-07-29 02:00:00,HUB-GO,Centro-Oeste,R-SP-RJ,ViaCargo,D+1,Enterprise,15.45,1086.5,2026-07-30 08:00:00,2026-07-30 19:37:27.309267830,11.62,Atraso crítico,111.41,77.96,33.45,30.02
SHP-00321,2026-06-18 03:00:00,HUB-RJ,Centro-Oeste,R-SP-BH,Nexo Log,D+1,B2C,10.94,1017.4,2026-06-19 09:00:00,2026-06-19 12:36:27.549631740,3.61,Atraso leve,94.73,67.16,27.57,29.1
SHP-00322,2026-07-10 15:00:00,HUB-RJ,Nordeste,R-PR-CO,RotaSul,D+1,B2C,11.01,316.8,2026-07-11 21:00:00,2026-07-11 22:07:05.004162701,1.12,Atraso leve,57.17,37.97,19.2,33.58
SHP-00323,2026-07-15 05:00:00,HUB-RJ,Nordeste,R-PR-CO,Nexo Log,D+1,SMB,1.22,1158.4,2026-07-16 11:00:00,2026-07-16 14:20:04.465227036,3.33,Atraso leve,99.06,75.94,23.12,23.34
SHP-00324,2026-06-07 03:00:00,HUB-RJ,Centro-Oeste,R-SP-RJ,Atlas Express,D+1,B2C,23.91,115.9,2026-06-08 09:00:00,2026-06-08 01:00:00.000000000,-8.0,No prazo,86.47,60.31,26.16,30.25
SHP-00325,2026-06-10 03:00:00,HUB-RJ,Sudeste,R-PR-CO,Atlas Express,D+1,B2C,8.62,211.2,2026-06-11 09:00:00,2026-06-11 12:51:54.515808453,3.87,Atraso leve,46.65,27.65,19.0,40.73
SHP-00326,2026-07-07 03:00:00,HUB-RJ,Nordeste,R-SP-PR,ViaCargo,Econômico,B2C,23.15,241.0,2026-07-11 03:00:00,2026-07-11 08:09:40.026661012,5.16,Atraso leve,89.12,67.08,22.04,24.73
SHP-00327,2026-07-03 16:00:00,HUB-RJ,Nordeste,R-SP-RJ,Nexo Log,D+2,B2C,17.12,1575.6,2026-07-05 22:00:00,2026-07-06 06:49:50.271049249,8.83,Atraso crítico,150.13,74.11,76.02,50.64
SHP-00328,2026-07-11 13:00:00,HUB-BH,Centro-Oeste,R-SP-RJ,ViaCargo,Same Day,SMB,6.32,794.0,2026-07-12 01:00:00,2026-07-12 13:44:21.630294525,12.74,Atraso crítico,74.03,36.99,37.04,50.03
SHP-00329,2026-06-10 00:00:00,HUB-BH,Sul,R-PR-CO,RotaSul,D+1,B2C,0.84,892.2,2026-06-11 06:00:00,2026-06-11 09:28:10.631133345,3.47,Atraso leve,82.16,57.54,24.62,29.97
SHP-00330,2026-06-12 22:00:00,HUB-SP,Centro-Oeste,R-BH-GO,ViaCargo,Same Day,B2C,18.32,1477.5,2026-06-13 10:00:00,2026-06-13 17:48:56.733003266,7.82,Atraso leve,153.0,107.22,45.78,29.92
SHP-00331,2026-06-06 09:00:00,HUB-RJ,Sudeste,R-SP-RJ,ViaCargo,Same Day,SMB,8.57,1126.5,2026-06-06 21:00:00,2026-06-06 21:05:48.439431184,0.1,Atraso leve,112.01,76.24,35.77,31.93
SHP-00332,2026-06-06 23:00:00,HUB-SP,Nordeste,R-BH-GO,RotaSul,D+1,B2C,8.07,449.7,2026-06-08 05:00:00,2026-06-08 22:47:25.723046610,17.79,Atraso crítico,74.36,54.9,19.46,26.17
SHP-00333,2026-07-18 13:00:00,HUB-BH,Sudeste,R-RJ-NE,RotaSul,D+2,B2C,11.71,711.4,2026-07-20 19:00:00,2026-07-20 16:38:33.121941154,-2.36,No prazo,78.17,51.3,26.87,34.37
SHP-00334,2026-07-10 03:00:00,HUB-RJ,Sudeste,R-SP-BH,RotaSul,Econômico,B2C,7.87,1438.7,2026-07-14 03:00:00,2026-07-13 20:32:26.229226192,-6.46,No prazo,122.15,96.8,25.35,20.75
SHP-00335,2026-07-24 04:00:00,HUB-RJ,Nordeste,R-BH-GO,Nexo Log,D+1,B2C,11.45,1554.6,2026-07-25 10:00:00,2026-07-25 17:26:38.351044832,7.44,Atraso leve,135.08,77.28,57.8,42.79
SHP-00336,2026-07-24 00:00:00,HUB-SP,Nordeste,R-SP-RJ,RotaSul,Econômico,B2C,13.65,83.1,2026-07-28 00:00:00,2026-07-27 19:17:27.163775517,-4.71,No prazo,46.5,33.32,13.18,28.34
SHP-00337,2026-07-21 15:00:00,HUB-BH,Sudeste,R-SP-PR,ViaCargo,D+1,SMB,22.85,237.2,2026-07-22 21:00:00,2026-07-24 01:55:19.726938649,28.92,Atraso crítico,94.45,70.88,23.57,24.96
SHP-00338,2026-07-17 01:00:00,HUB-BH,Sudeste,R-SP-PR,RotaSul,D+2,B2C,2.71,1068.5,2026-07-19 07:00:00,2026-07-20 15:02:43.564993850,32.05,Atraso crítico,78.75,49.69,29.06,36.9
SHP-00339,2026-06-09 10:00:00,HUB-SP,Sul,R-SP-PR,RotaSul,Same Day,SMB,17.35,932.8,2026-06-09 22:00:00,2026-06-10 12:38:34.306458137,14.64,Atraso crítico,110.55,71.37,39.18,35.44
SHP-00340,2026-06-22 09:00:00,HUB-BH,Sudeste,R-PR-CO,Atlas Express,D+2,B2C,22.63,520.9,2026-06-24 15:00:00,2026-06-24 07:00:00.000000000,-8.0,No prazo,92.05,75.46,16.59,18.02
SHP-00341,2026-07-26 13:00:00,HUB-BH,Centro-Oeste,R-SP-RJ,RotaSul,Same Day,SMB,22.41,1500.0,2026-07-27 01:00:00,2026-07-27 14:06:40.540777012,13.11,Atraso crítico,152.74,105.34,47.4,31.03
SHP-00342,2026-06-05 13:00:00,HUB-SP,Nordeste,R-SP-RJ,RotaSul,Same Day,SMB,0.5,702.9,2026-06-06 01:00:00,2026-06-05 17:00:00.000000000,-8.0,No prazo,71.3,53.65,17.65,24.75
SHP-00343,2026-07-27 03:00:00,HUB-GO,Centro-Oeste,R-SP-PR,Nexo Log,Econômico,B2C,22.67,450.8,2026-07-31 03:00:00,2026-08-01 08:31:03.399449350,29.52,Atraso crítico,82.52,51.06,31.46,38.12
SHP-00344,2026-06-14 15:00:00,HUB-RJ,Nordeste,R-RJ-NE,Nexo Log,Econômico,B2C,8.3,1317.5,2026-06-18 15:00:00,2026-06-18 16:26:58.693904291,1.45,Atraso leve,106.16,54.7,51.46,48.47
SHP-00345,2026-07-20 23:00:00,HUB-GO,Nordeste,R-RJ-NE,RotaSul,D+2,B2C,0.98,199.0,2026-07-23 05:00:00,2026-07-22 21:00:00.000000000,-8.0,No prazo,27.78,16.44,11.34,40.82
SHP-00346,2026-06-24 19:00:00,HUB-BH,Centro-Oeste,R-PR-CO,Nexo Log,D+2,B2C,16.07,519.1,2026-06-27 01:00:00,2026-06-26 17:00:00.000000000,-8.0,No prazo,81.75,55.5,26.25,32.11
SHP-00347,2026-07-12 14:00:00,HUB-RJ,Centro-Oeste,R-SP-BH,RotaSul,D+2,B2C,10.7,1429.9,2026-07-14 20:00:00,2026-07-15 01:46:47.994809985,5.78,Atraso leve,113.88,87.77,26.11,22.93
SHP-00348,2026-06-09 08:00:00,HUB-SP,Centro-Oeste,R-BH-GO,ViaCargo,D+1,B2C,11.03,1527.5,2026-06-10 14:00:00,2026-06-10 20:26:37.054647278,6.44,Atraso leve,126.13,97.69,28.44,22.55
SHP-00349,2026-07-02 07:00:00,HUB-GO,Centro-Oeste,R-SP-BH,ViaCargo,D+2,B2C,10.65,440.6,2026-07-04 13:00:00,2026-07-04 22:34:06.083934014,9.57,Atraso crítico,61.93,44.44,17.49,28.24
SHP-00350,2026-07-27 22:00:00,HUB-GO,Nordeste,R-PR-CO,Atlas Express,D+2,B2C,2.82,1111.8,2026-07-30 04:00:00,2026-07-30 13:59:27.288436048,9.99,Atraso crítico,96.71,48.68,48.03,49.66
SHP-00351,2026-07-01 02:00:00,HUB-GO,Nordeste,R-PR-CO,RotaSul,Econômico,B2C,6.19,817.0,2026-07-05 02:00:00,2026-07-05 04:18:21.063160088,2.31,Atraso leve,73.22,51.54,21.68,29.61
SHP-00352,2026-07-02 04:00:00,HUB-RJ,Centro-Oeste,R-SP-PR,Atlas Express,Same Day,B2C,14.96,1262.1,2026-07-02 16:00:00,2026-07-03 00:50:20.954946669,8.84,Atraso crítico,113.26,87.11,26.15,23.09
SHP-00353,2026-06-17 15:00:00,HUB-RJ,Sudeste,R-BH-GO,RotaSul,D+1,B2C,2.26,1407.4,2026-06-18 21:00:00,2026-06-18 15:32:54.731401746,-5.45,No prazo,118.8,90.21,28.59,24.07
SHP-00354,2026-07-02 23:00:00,HUB-RJ,Centro-Oeste,R-SP-PR,Atlas Express,Econômico,B2C,13.57,536.1,2026-07-06 23:00:00,2026-07-06 15:00:00.000000000,-8.0,No prazo,77.34,37.31,40.03,51.76
SHP-00355,2026-07-16 22:00:00,HUB-GO,Sul,R-SP-BH,Atlas Express,Same Day,B2C,8.21,1091.3,2026-07-17 10:00:00,2026-07-17 02:00:00.000000000,-8.0,No prazo,108.54,64.21,44.33,40.84
SHP-00356,2026-07-23 23:00:00,HUB-SP,Sudeste,R-BH-GO,Atlas Express,D+2,SMB,23.78,1254.9,2026-07-26 05:00:00,2026-07-26 08:49:57.858696656,3.83,Atraso leve,151.65,119.31,32.34,21.33
SHP-00357,2026-06-16 16:00:00,HUB-RJ,Sudeste,R-SP-PR,RotaSul,D+2,Enterprise,18.08,1271.9,2026-06-18 22:00:00,2026-06-18 14:08:12.041827944,-7.86,No prazo,133.8,77.93,55.87,41.76
SHP-00358,2026-06-18 13:00:00,HUB-BH,Nordeste,R-BH-GO,Nexo Log,D+1,Enterprise,9.95,891.0,2026-06-19 19:00:00,2026-06-19 16:21:03.385614081,-2.65,No prazo,92.71,70.56,22.15,23.89
SHP-00359,2026-06-18 21:00:00,HUB-RJ,Centro-Oeste,R-BH-GO,Atlas Express,D+1,B2C,13.6,1124.5,2026-06-20 03:00:00,2026-06-20 19:50:24.327805449,16.84,Atraso crítico,120.43,85.5,34.93,29.0
SHP-00360,2026-07-21 13:00:00,HUB-BH,Nordeste,R-SP-BH,Atlas Express,D+2,B2C,20.57,981.9,2026-07-23 19:00:00,2026-07-23 22:34:58.783564690,3.58,Atraso leve,110.32,83.57,26.75,24.25
SHP-00361,2026-06-26 05:00:00,HUB-GO,Centro-Oeste,R-PR-CO,RotaSul,D+1,B2C,15.55,1153.3,2026-06-27 11:00:00,2026-06-27 16:10:38.342292602,5.18,Atraso leve,121.15,78.61,42.54,35.11
SHP-00362,2026-06-01 06:00:00,HUB-GO,Centro-Oeste,R-BH-GO,Nexo Log,D+1,B2C,23.71,1554.4,2026-06-02 12:00:00,2026-06-02 04:00:00.000000000,-8.0,No prazo,167.52,123.43,44.09,26.32
SHP-00363,2026-06-05 11:00:00,HUB-BH,Centro-Oeste,R-BH-GO,Nexo Log,D+2,B2C,2.81,618.8,2026-06-07 17:00:00,2026-06-08 04:45:14.603844690,11.75,Atraso crítico,66.02,41.39,24.63,37.31
SHP-00364,2026-07-23 08:00:00,HUB-BH,Sul,R-PR-CO,Atlas Express,Econômico,B2C,0.59,765.5,2026-07-27 08:00:00,2026-07-27 22:34:26.383583169,14.57,Atraso crítico,61.34,44.15,17.19,28.02
SHP-00365,2026-07-19 23:00:00,HUB-RJ,Nordeste,R-SP-RJ,Nexo Log,D+1,Enterprise,21.28,372.0,2026-07-21 05:00:00,2026-07-21 11:13:23.063914042,6.22,Atraso leve,83.15,53.23,29.92,35.98
SHP-00366,2026-07-03 21:00:00,HUB-GO,Sul,R-SP-BH,ViaCargo,Same Day,B2C,13.37,560.3,2026-07-04 09:00:00,2026-07-04 15:45:14.045754287,6.75,Atraso leve,83.19,48.21,34.98,42.05
SHP-00367,2026-07-03 09:00:00,HUB-BH,Centro-Oeste,R-PR-CO,Nexo Log,D+2,SMB,12.19,1448.6,2026-07-05 15:00:00,2026-07-06 04:35:25.286048889,13.59,Atraso crítico,121.45,98.49,22.96,18.9
SHP-00368,2026-07-13 21:00:00,HUB-GO,Sudeste,R-BH-GO,RotaSul,D+2,B2C,18.33,237.6,2026-07-16 03:00:00,2026-07-16 02:15:42.730785300,-0.74,No prazo,69.58,43.94,25.64,36.85
SHP-00369,2026-06-09 16:00:00,HUB-PR,Centro-Oeste,R-RJ-NE,Atlas Express,D+1,SMB,18.42,1270.4,2026-06-10 22:00:00,2026-06-11 05:31:21.324159816,7.52,Atraso leve,128.92,93.55,35.37,27.44
SHP-00370,2026-06-05 16:00:00,HUB-BH,Centro-Oeste,R-SP-RJ,ViaCargo,D+1,B2C,7.16,1289.2,2026-06-06 22:00:00,2026-06-06 14:00:00.000000000,-8.0,No prazo,106.72,80.47,26.25,24.6
SHP-00371,2026-06-29 18:00:00,HUB-PR,Nordeste,R-PR-CO,RotaSul,Econômico,Enterprise,10.63,469.6,2026-07-03 18:00:00,2026-07-04 01:42:40.920265732,7.71,Atraso leve,63.28,41.16,22.12,34.96
SHP-00372,2026-07-28 07:00:00,HUB-SP,Sudeste,R-BH-GO,Atlas Express,Same Day,SMB,4.94,372.9,2026-07-28 19:00:00,2026-07-28 11:00:00.000000000,-8.0,No prazo,60.29,35.65,24.64,40.87
SHP-00373,2026-07-26 05:00:00,HUB-BH,Sul,R-BH-GO,RotaSul,D+2,B2C,7.83,1543.4,2026-07-28 11:00:00,2026-07-29 08:55:22.664844509,21.92,Atraso crítico,129.31,74.27,55.04,42.56
SHP-00374,2026-06-10 20:00:00,HUB-GO,Sudeste,R-RJ-NE,Nexo Log,D+2,B2C,15.5,315.8,2026-06-13 02:00:00,2026-06-13 03:41:36.124716783,1.69,Atraso leve,63.47,51.29,12.18,19.19
SHP-00375,2026-06-19 12:00:00,HUB-SP,Sudeste,R-SP-RJ,RotaSul,Econômico,B2C,12.92,453.4,2026-06-23 12:00:00,2026-06-23 06:21:46.481070744,-5.64,No prazo,64.24,48.65,15.59,24.27
SHP-00376,2026-07-19 12:00:00,HUB-RJ,Sudeste,R-SP-BH,RotaSul,D+2,B2C,6.08,1376.8,2026-07-21 18:00:00,2026-07-22 00:12:55.663639570,6.22,Atraso leve,108.71,59.95,48.76,44.85
SHP-00377,2026-07-16 23:00:00,HUB-BH,Sudeste,R-SP-BH,ViaCargo,Same Day,B2C,21.13,105.8,2026-07-17 11:00:00,2026-07-18 01:16:08.342132984,14.27,Atraso crítico,65.29,51.5,13.79,21.12
SHP-00378,2026-06-26 06:00:00,HUB-RJ,Sul,R-SP-PR,Atlas Express,D+1,B2C,9.24,927.7,2026-06-27 12:00:00,2026-06-27 15:37:43.904641962,3.63,Atraso leve,91.58,62.98,28.6,31.23
SHP-00379,2026-07-26 17:00:00,HUB-RJ,Sul,R-RJ-NE,ViaCargo,Econômico,B2C,6.82,99.5,2026-07-30 17:00:00,2026-07-30 13:39:35.196374745,-3.34,No prazo,50.88,27.38,23.5,46.19
SHP-00380,2026-07-05 12:00:00,HUB-SP,Centro-Oeste,R-RJ-NE,RotaSul,D+1,B2C,22.86,990.0,2026-07-06 18:00:00,2026-07-06 10:00:00.000000000,-8.0,No prazo,121.43,59.89,61.54,50.68
SHP-00381,2026-07-18 12:00:00,HUB-GO,Sul,R-BH-GO,RotaSul,D+2,B2C,1.33,54.3,2026-07-20 18:00:00,2026-07-20 10:00:00.000000000,-8.0,No prazo,30.26,23.61,6.65,21.98
SHP-00382,2026-06-19 05:00:00,HUB-SP,Sudeste,R-BH-GO,Atlas Express,D+2,SMB,8.08,1077.1,2026-06-21 11:00:00,2026-06-21 22:16:07.226307169,11.27,Atraso crítico,99.58,72.65,26.93,27.04
SHP-00383,2026-07-28 17:00:00,HUB-GO,Nordeste,R-PR-CO,ViaCargo,D+2,B2C,17.58,1285.9,2026-07-30 23:00:00,2026-07-30 23:39:16.992788876,0.65,Atraso leve,141.49,90.78,50.71,35.84
SHP-00384,2026-07-21 04:00:00,HUB-BH,Centro-Oeste,R-SP-RJ,ViaCargo,Econômico,Enterprise,19.22,1539.6,2026-07-25 04:00:00,2026-07-25 18:20:59.689808701,14.35,Atraso crítico,141.43,102.01,39.42,27.87
SHP-00385,2026-06-28 03:00:00,HUB-GO,Sudeste,R-BH-GO,Nexo Log,D+2,SMB,6.27,1163.7,2026-06-30 09:00:00,2026-06-30 21:58:20.931141979,12.97,Atraso crítico,109.81,69.18,40.63,37.0
SHP-00386,2026-07-29 17:00:00,HUB-SP,Sudeste,R-SP-RJ,Nexo Log,D+2,B2C,6.15,1404.1,2026-07-31 23:00:00,2026-08-01 11:14:11.389128162,12.24,Atraso crítico,110.66,60.65,50.01,45.19
SHP-00387,2026-06-10 17:00:00,HUB-RJ,Sul,R-RJ-NE,RotaSul,D+2,B2C,6.82,1485.6,2026-06-12 23:00:00,2026-06-12 15:00:00.000000000,-8.0,No prazo,112.79,92.04,20.75,18.4
SHP-00388,2026-06-16 22:00:00,HUB-SP,Sul,R-RJ-NE,ViaCargo,D+1,Enterprise,12.4,549.1,2026-06-18 04:00:00,2026-06-18 01:45:55.411333927,-2.23,No prazo,84.31,58.55,25.76,30.55
SHP-00389,2026-06-25 07:00:00,HUB-BH,Nordeste,R-RJ-NE,RotaSul,Econômico,SMB,16.97,139.0,2026-06-29 07:00:00,2026-06-28 23:00:00.000000000,-8.0,No prazo,72.83,58.78,14.05,19.29
SHP-00390,2026-06-30 17:00:00,HUB-RJ,Sul,R-SP-PR,Nexo Log,Econômico,B2C,22.28,1537.0,2026-07-04 17:00:00,2026-07-04 12:07:50.998015164,-4.87,No prazo,144.07,86.25,57.82,40.13
SHP-00391,2026-07-12 10:00:00,HUB-GO,Sudeste,R-SP-BH,Atlas Express,Same Day,B2C,15.74,1043.5,2026-07-12 22:00:00,2026-07-12 22:28:34.818615921,0.48,Atraso leve,120.77,75.02,45.75,37.88
SHP-00392,2026-07-04 23:00:00,HUB-RJ,Centro-Oeste,R-SP-RJ,Atlas Express,D+1,SMB,0.68,264.6,2026-07-06 05:00:00,2026-07-06 13:04:03.745262657,8.07,Atraso crítico,46.49,32.27,14.22,30.59
SHP-00393,2026-07-27 11:00:00,HUB-GO,Centro-Oeste,R-BH-GO,Atlas Express,D+1,SMB,10.46,633.6,2026-07-28 17:00:00,2026-07-29 01:06:43.767162372,8.11,Atraso crítico,79.41,45.67,33.74,42.49
SHP-00394,2026-06-04 22:00:00,HUB-PR,Sudeste,R-SP-PR,Nexo Log,D+2,B2C,0.94,1160.9,2026-06-07 04:00:00,2026-06-07 07:25:13.659881619,3.42,Atraso leve,93.26,53.35,39.91,42.79
SHP-00395,2026-07-08 01:00:00,HUB-PR,Sul,R-SP-PR,Nexo Log,D+2,B2C,7.11,712.2,2026-07-10 07:00:00,2026-07-10 15:04:31.340533128,8.08,Atraso crítico,83.82,45.51,38.31,45.71
SHP-00396,2026-06-29 11:00:00,HUB-PR,Sudeste,R-BH-GO,Nexo Log,D+2,B2C,23.03,820.7,2026-07-01 17:00:00,2026-07-01 14:32:59.109189654,-2.45,No prazo,121.2,87.25,33.95,28.01
SHP-00397,2026-07-01 15:00:00,HUB-GO,Sul,R-SP-BH,RotaSul,D+1,B2C,5.43,1289.8,2026-07-02 21:00:00,2026-07-02 18:50:41.382167561,-2.16,No prazo,106.2,76.48,29.72,27.98
SHP-00398,2026-07-07 11:00:00,HUB-PR,Sudeste,R-PR-CO,RotaSul,Same Day,B2C,22.79,528.7,2026-07-07 23:00:00,2026-07-07 15:00:00.000000000,-8.0,No prazo,100.48,57.02,43.46,43.25
SHP-00399,2026-06-09 15:00:00,HUB-SP,Sudeste,R-SP-PR,ViaCargo,D+1,B2C,23.98,668.5,2026-06-10 21:00:00,2026-06-10 18:21:51.046090490,-2.64,No prazo,96.37,77.48,18.89,19.6
SHP-00400,2026-06-08 10:00:00,HUB-GO,Sul,R-BH-GO,Nexo Log,D+2,Enterprise,11.23,1559.5,2026-06-10 16:00:00,2026-06-10 08:18:03.945497036,-7.7,No prazo,122.1,99.58,22.52,18.44
SHP-00401,2026-06-26 13:00:00,HUB-GO,Centro-Oeste,R-SP-BH,RotaSul,D+1,B2C,12.65,1480.5,2026-06-27 19:00:00,2026-06-27 22:13:54.718246923,3.23,Atraso leve,134.97,79.06,55.91,41.42
SHP-00402,2026-07-02 04:00:00,HUB-SP,Centro-Oeste,R-SP-PR,ViaCargo,D+1,SMB,16.98,855.6,2026-07-03 10:00:00,2026-07-03 05:12:42.942973855,-4.79,No prazo,102.67,72.62,30.05,29.27
SHP-00403,2026-07-02 21:00:00,HUB-SP,Centro-Oeste,R-BH-GO,Atlas Express,Econômico,B2C,20.8,627.4,2026-07-06 21:00:00,2026-07-06 20:29:51.330450541,-0.5,No prazo,97.92,57.15,40.77,41.64
SHP-00404,2026-06-29 17:00:00,HUB-BH,Sul,R-RJ-NE,Atlas Express,D+2,B2C,20.83,563.4,2026-07-01 23:00:00,2026-07-02 13:40:47.612965093,14.68,Atraso crítico,107.64,59.26,48.38,44.95
SHP-00405,2026-07-16 02:00:00,HUB-SP,Nordeste,R-RJ-NE,Nexo Log,D+1,B2C,14.15,823.6,2026-07-17 08:00:00,2026-07-17 10:34:26.369706168,2.57,Atraso leve,87.08,56.52,30.56,35.09
SHP-00406,2026-07-03 03:00:00,HUB-BH,Nordeste,R-SP-PR,Atlas Express,D+2,SMB,1.94,309.3,2026-07-05 09:00:00,2026-07-05 07:39:52.832631217,-1.34,No prazo,39.46,27.11,12.35,31.3
SHP-00407,2026-06-20 13:00:00,HUB-GO,Nordeste,R-SP-BH,ViaCargo,Same Day,B2C,10.33,1535.1,2026-06-21 01:00:00,2026-06-21 17:35:04.591382779,16.58,Atraso crítico,141.65,102.43,39.22,27.69
SHP-00408,2026-06-18 23:00:00,HUB-GO,Centro-Oeste,R-SP-RJ,Atlas Express,Econômico,B2C,9.62,515.1,2026-06-22 23:00:00,2026-06-22 20:23:19.517517045,-2.61,No prazo,63.86,45.74,18.12,28.37
SHP-00409,2026-06-21 09:00:00,HUB-PR,Sudeste,R-SP-RJ,Atlas Express,D+2,B2C,3.61,1526.9,2026-06-23 15:00:00,2026-06-24 05:27:34.343290280,14.46,Atraso crítico,108.46,71.31,37.15,34.25
SHP-00410,2026-06-27 04:00:00,HUB-SP,Centro-Oeste,R-PR-CO,Atlas Express,D+1,B2C,11.94,1048.1,2026-06-28 10:00:00,2026-06-28 02:00:00.000000000,-8.0,No prazo,96.53,60.81,35.72,37.0
SHP-00411,2026-06-01 18:00:00,HUB-BH,Sudeste,R-SP-PR,Atlas Express,Same Day,B2C,23.77,1594.1,2026-06-02 06:00:00,2026-06-02 13:34:51.075546616,7.58,Atraso leve,171.33,106.89,64.44,37.61
SHP-00412,2026-06-29 06:00:00,HUB-SP,Centro-Oeste,R-SP-BH,Atlas Express,D+1,SMB,10.99,553.4,2026-06-30 12:00:00,2026-06-30 04:00:00.000000000,-8.0,No prazo,69.82,50.51,19.31,27.66
SHP-00413,2026-06-26 00:00:00,HUB-BH,Sudeste,R-SP-BH,Atlas Express,D+2,Enterprise,3.83,271.1,2026-06-28 06:00:00,2026-06-28 11:21:23.609827221,5.36,Atraso leve,51.49,29.33,22.16,43.04
SHP-00414,2026-06-30 23:00:00,HUB-BH,Sul,R-SP-PR,Nexo Log,Same Day,B2C,6.16,732.6,2026-07-01 11:00:00,2026-07-01 03:00:00.000000000,-8.0,No prazo,68.2,49.46,18.74,27.48
SHP-00415,2026-06-26 05:00:00,HUB-PR,Nordeste,R-SP-BH,RotaSul,Econômico,B2C,15.72,1065.7,2026-06-30 05:00:00,2026-06-30 07:24:46.471215382,2.41,Atraso leve,114.48,90.18,24.3,21.23
SHP-00416,2026-07-28 01:00:00,HUB-BH,Nordeste,R-SP-BH,Atlas Express,D+2,SMB,9.55,511.6,2026-07-30 07:00:00,2026-07-31 04:59:42.491590900,22.0,Atraso crítico,81.45,49.59,31.86,39.12
SHP-00417,2026-07-12 23:00:00,HUB-PR,Sul,R-SP-RJ,Nexo Log,Econômico,B2C,5.95,435.1,2026-07-16 23:00:00,2026-07-16 17:57:40.279218825,-5.04,No prazo,58.4,42.28,16.12,27.6
SHP-00418,2026-06-16 20:00:00,HUB-BH,Centro-Oeste,R-SP-PR,ViaCargo,D+2,Enterprise,20.42,479.5,2026-06-19 02:00:00,2026-06-18 20:33:45.541244972,-5.44,No prazo,103.01,63.28,39.73,38.57
SHP-00419,2026-07-15 16:00:00,HUB-BH,Centro-Oeste,R-RJ-NE,Atlas Express,D+1,B2C,18.98,460.9,2026-07-16 22:00:00,2026-07-17 10:23:36.541293435,12.39,Atraso crítico,92.79,73.25,19.54,21.06
SHP-00420,2026-06-08 09:00:00,HUB-SP,Sudeste,R-PR-CO,Atlas Express,D+1,B2C,9.88,1044.0,2026-06-09 15:00:00,2026-06-09 11:12:06.956225586,-3.8,No prazo,104.54,55.73,48.81,46.69
SHP-00421,2026-06-21 08:00:00,HUB-SP,Sul,R-SP-BH,RotaSul,D+2,B2C,22.17,869.8,2026-06-23 14:00:00,2026-06-23 09:41:27.263167514,-4.31,No prazo,119.39,60.28,59.11,49.51
SHP-00422,2026-07-03 15:00:00,HUB-GO,Sul,R-BH-GO,Atlas Express,D+2,Enterprise,5.42,527.3,2026-07-05 21:00:00,2026-07-06 11:40:05.113460041,14.67,Atraso crítico,68.07,47.07,21.0,30.85
SHP-00423,2026-06-27 15:00:00,HUB-BH,Centro-Oeste,R-SP-BH,RotaSul,D+2,B2C,21.8,166.3,2026-06-29 21:00:00,2026-06-30 00:20:18.953410875,3.34,Atraso leve,82.36,59.92,22.44,27.25
SHP-00424,2026-06-19 14:00:00,HUB-GO,Nordeste,R-BH-GO,ViaCargo,D+1,B2C,12.11,1232.1,2026-06-20 20:00:00,2026-06-20 12:00:00.000000000,-8.0,No prazo,111.46,75.84,35.62,31.96
SHP-00425,2026-07-02 12:00:00,HUB-BH,Nordeste,R-SP-PR,Nexo Log,Econômico,SMB,9.37,1594.5,2026-07-06 12:00:00,2026-07-06 19:09:16.459644928,7.15,Atraso leve,123.31,80.94,42.37,34.36
SHP-00426,2026-07-24 11:00:00,HUB-PR,Nordeste,R-BH-GO,Nexo Log,Econômico,SMB,10.37,823.9,2026-07-28 11:00:00,2026-07-28 12:31:04.107698081,1.52,Atraso leve,91.75,44.68,47.07,51.3
SHP-00427,2026-07-16 18:00:00,HUB-PR,Sul,R-RJ-NE,Atlas Express,D+2,B2C,1.0,622.1,2026-07-19 00:00:00,2026-07-19 05:23:30.943851663,5.39,Atraso leve,61.97,35.12,26.85,43.33
SHP-00428,2026-07-02 23:00:00,HUB-BH,Nordeste,R-SP-RJ,Atlas Express,D+1,Enterprise,13.0,709.3,2026-07-04 05:00:00,2026-07-04 05:54:51.275959487,0.91,Atraso leve,89.56,60.68,28.88,32.25
SHP-00429,2026-06-03 11:00:00,HUB-RJ,Sudeste,R-SP-RJ,Nexo Log,D+2,B2C,6.87,1378.1,2026-06-05 17:00:00,2026-06-05 12:10:28.759276007,-4.83,No prazo,112.76,78.61,34.15,30.29
SHP-00430,2026-07-02 16:00:00,HUB-BH,Nordeste,R-BH-GO,ViaCargo,D+2,B2C,17.02,1593.1,2026-07-04 22:00:00,2026-07-04 19:12:36.739486771,-2.79,No prazo,141.34,105.76,35.58,25.17
SHP-00431,2026-07-04 15:00:00,HUB-PR,Nordeste,R-PR-CO,Atlas Express,D+2,B2C,3.23,1123.6,2026-07-06 21:00:00,2026-07-07 05:35:30.453196392,8.59,Atraso crítico,94.05,74.52,19.53,20.77
SHP-00432,2026-07-14 19:00:00,HUB-SP,Nordeste,R-SP-BH,RotaSul,D+1,B2C,2.12,1162.0,2026-07-16 01:00:00,2026-07-16 06:43:35.454284744,5.73,Atraso leve,95.75,73.17,22.58,23.58
SHP-00433,2026-07-27 01:00:00,HUB-PR,Sudeste,R-SP-RJ,ViaCargo,Econômico,SMB,5.08,1292.9,2026-07-31 01:00:00,2026-07-31 16:01:07.945326808,15.02,Atraso crítico,97.41,67.1,30.31,31.12
SHP-00434,2026-06-07 09:00:00,HUB-SP,Centro-Oeste,R-RJ-NE,RotaSul,D+1,B2C,5.02,1123.3,2026-06-08 15:00:00,2026-06-09 01:34:18.909178686,10.57,Atraso crítico,94.24,59.63,34.61,36.73
SHP-00435,2026-06-06 09:00:00,HUB-RJ,Sudeste,R-SP-BH,Atlas Express,D+2,B2C,16.49,303.0,2026-06-08 15:00:00,2026-06-08 14:03:40.350508531,-0.94,No prazo,62.35,37.02,25.33,40.63
SHP-00436,2026-07-29 19:00:00,HUB-PR,Nordeste,R-RJ-NE,Atlas Express,Econômico,SMB,13.45,420.4,2026-08-02 19:00:00,2026-08-03 09:14:45.060544919,14.25,Atraso crítico,87.08,42.77,44.31,50.88
SHP-00437,2026-07-13 16:00:00,HUB-BH,Sul,R-SP-RJ,ViaCargo,D+1,B2C,12.98,1053.7,2026-07-14 22:00:00,2026-07-14 14:00:00.000000000,-8.0,No prazo,116.19,88.49,27.7,23.84
SHP-00438,2026-07-23 08:00:00,HUB-RJ,Sul,R-SP-PR,ViaCargo,D+2,B2C,0.69,325.3,2026-07-25 14:00:00,2026-07-25 20:14:50.572735254,6.25,Atraso leve,53.22,34.87,18.35,34.48
SHP-00439,2026-06-02 05:00:00,HUB-GO,Sudeste,R-PR-CO,Nexo Log,Same Day,B2C,22.96,457.2,2026-06-02 17:00:00,2026-06-03 07:53:23.591738331,14.89,Atraso crítico,106.75,83.46,23.29,21.82
SHP-00440,2026-06-29 03:00:00,HUB-BH,Sul,R-SP-BH,ViaCargo,D+2,SMB,19.08,1214.7,2026-07-01 09:00:00,2026-07-01 04:05:03.289984752,-4.92,No prazo,142.01,91.27,50.74,35.73
SHP-00441,2026-06-06 19:00:00,HUB-BH,Sul,R-SP-BH,ViaCargo,Same Day,B2C,7.08,1124.5,2026-06-07 07:00:00,2026-06-08 06:00:08.606283780,23.0,Atraso crítico,89.49,53.76,35.73,39.93
SHP-00442,2026-07-22 15:00:00,HUB-SP,Nordeste,R-PR-CO,ViaCargo,Econômico,B2C,5.35,1590.9,2026-07-26 15:00:00,2026-07-26 21:59:11.769811670,6.99,Atraso leve,126.79,64.49,62.3,49.14
SHP-00443,2026-07-16 23:00:00,HUB-BH,Sul,R-BH-GO,Atlas Express,Econômico,B2C,14.23,859.9,2026-07-20 23:00:00,2026-07-21 19:38:18.934627164,20.64,Atraso crítico,105.52,67.58,37.94,35.96
SHP-00444,2026-06-27 22:00:00,HUB-SP,Sul,R-SP-BH,Nexo Log,Same Day,B2C,8.39,1504.9,2026-06-28 10:00:00,2026-06-28 16:47:05.592777034,6.78,Atraso leve,128.4,84.35,44.05,34.31
SHP-00445,2026-07-18 06:00:00,HUB-BH,Centro-Oeste,R-RJ-NE,RotaSul,Same Day,B2C,18.95,1368.0,2026-07-18 18:00:00,2026-07-19 10:52:04.948884667,16.87,Atraso crítico,135.17,102.76,32.41,23.98
SHP-00446,2026-07-27 08:00:00,HUB-BH,Sul,R-PR-CO,Atlas Express,D+1,B2C,17.85,1346.5,2026-07-28 14:00:00,2026-07-29 02:49:04.910038603,12.82,Atraso crítico,144.97,74.6,70.37,48.54
SHP-00447,2026-06-02 20:00:00,HUB-RJ,Sudeste,R-PR-CO,ViaCargo,Same Day,B2C,12.37,1301.4,2026-06-03 08:00:00,2026-06-03 00:00:00.000000000,-8.0,No prazo,112.26,58.64,53.62,47.76
SHP-00448,2026-06-02 17:00:00,HUB-GO,Nordeste,R-SP-PR,ViaCargo,D+2,B2C,21.08,838.5,2026-06-04 23:00:00,2026-06-05 13:59:27.389454389,14.99,Atraso crítico,120.97,65.59,55.38,45.78
SHP-00449,2026-07-06 10:00:00,HUB-RJ,Centro-Oeste,R-SP-RJ,ViaCargo,Econômico,B2C,7.67,785.6,2026-07-10 10:00:00,2026-07-10 08:28:29.647054511,-1.53,No prazo,90.32,50.81,39.51,43.74
SHP-00450,2026-07-28 09:00:00,HUB-PR,Centro-Oeste,R-PR-CO,Atlas Express,Econômico,B2C,11.51,948.2,2026-08-01 09:00:00,2026-08-01 13:53:01.769253911,4.88,Atraso leve,91.69,57.48,34.21,37.31
SHP-00451,2026-06-25 14:00:00,HUB-GO,Centro-Oeste,R-BH-GO,Atlas Express,D+1,B2C,17.42,324.5,2026-06-26 20:00:00,2026-06-26 19:38:40.244206990,-0.36,No prazo,87.35,42.71,44.64,51.1
SHP-00452,2026-06-11 10:00:00,HUB-BH,Sudeste,R-SP-BH,ViaCargo,D+1,B2C,21.98,495.6,2026-06-12 16:00:00,2026-06-12 11:22:22.152612719,-4.63,No prazo,86.89,62.98,23.91,27.52
SHP-00453,2026-06-08 13:00:00,HUB-RJ,Centro-Oeste,R-RJ-NE,Atlas Express,D+2,SMB,10.65,300.8,2026-06-10 19:00:00,2026-06-10 18:26:49.952887594,-0.55,No prazo,69.7,37.17,32.53,46.67
SHP-00454,2026-06-22 19:00:00,HUB-SP,Centro-Oeste,R-BH-GO,RotaSul,D+2,B2C,11.35,958.9,2026-06-25 01:00:00,2026-06-25 02:48:08.751372457,1.8,Atraso leve,111.28,67.63,43.65,39.23
SHP-00455,2026-06-30 19:00:00,HUB-PR,Centro-Oeste,R-SP-PR,Atlas Express,Same Day,B2C,6.32,1243.7,2026-07-01 07:00:00,2026-07-01 08:32:30.823479336,1.54,Atraso leve,107.78,52.24,55.54,51.53
SHP-00456,2026-06-10 06:00:00,HUB-SP,Centro-Oeste,R-BH-GO,Nexo Log,D+1,B2C,5.64,953.6,2026-06-11 12:00:00,2026-06-11 14:50:53.576647666,2.85,Atraso leve,86.64,47.09,39.55,45.65
SHP-00457,2026-06-18 10:00:00,HUB-GO,Nordeste,R-SP-RJ,ViaCargo,D+1,B2C,9.05,927.7,2026-06-19 16:00:00,2026-06-20 02:59:38.021257800,10.99,Atraso crítico,96.41,73.44,22.97,23.83
SHP-00458,2026-07-21 03:00:00,HUB-SP,Sul,R-SP-PR,RotaSul,D+1,B2C,21.09,1460.5,2026-07-22 09:00:00,2026-07-23 00:55:15.831637619,15.92,Atraso crítico,137.15,95.91,41.24,30.07
SHP-00459,2026-07-15 06:00:00,HUB-BH,Nordeste,R-SP-RJ,Nexo Log,Econômico,SMB,15.92,851.8,2026-07-19 06:00:00,2026-07-19 02:26:57.890526332,-3.55,No prazo,99.45,52.78,46.67,46.93
SHP-00460,2026-07-10 10:00:00,HUB-BH,Sul,R-BH-GO,RotaSul,D+1,Enterprise,23.27,292.2,2026-07-11 16:00:00,2026-07-11 12:25:57.557968569,-3.57,No prazo,78.07,41.87,36.2,46.37
SHP-00461,2026-07-24 23:00:00,HUB-GO,Sul,R-SP-BH,Atlas Express,Econômico,SMB,1.16,800.6,2026-07-28 23:00:00,2026-07-29 16:44:36.900752570,17.74,Atraso crítico,76.61,50.74,25.87,33.77
SHP-00462,2026-07-10 02:00:00,HUB-BH,Nordeste,R-SP-PR,Nexo Log,Econômico,B2C,19.01,397.8,2026-07-14 02:00:00,2026-07-14 17:38:33.850175055,15.64,Atraso crítico,93.61,59.24,34.37,36.72
SHP-00463,2026-07-17 04:00:00,HUB-GO,Nordeste,R-BH-GO,Atlas Express,D+2,SMB,2.75,445.2,2026-07-19 10:00:00,2026-07-19 03:29:29.449981487,-6.51,No prazo,52.65,33.85,18.8,35.71
SHP-00464,2026-07-31 00:00:00,HUB-SP,Centro-Oeste,R-SP-PR,RotaSul,D+2,SMB,14.91,744.7,2026-08-02 06:00:00,2026-08-02 12:15:27.215939060,6.26,Atraso leve,86.56,58.57,27.99,32.34
SHP-00465,2026-06-08 16:00:00,HUB-PR,Centro-Oeste,R-SP-BH,ViaCargo,D+2,SMB,3.1,196.1,2026-06-10 22:00:00,2026-06-10 17:01:54.269392246,-4.97,No prazo,38.19,23.93,14.26,37.34
SHP-00466,2026-07-23 21:00:00,HUB-SP,Centro-Oeste,R-RJ-NE,RotaSul,D+1,B2C,18.61,1363.1,2026-07-25 03:00:00,2026-07-24 19:00:00.000000000,-8.0,No prazo,142.66,95.54,47.12,33.03
SHP-00467,2026-07-21 15:00:00,HUB-PR,Nordeste,R-SP-BH,Nexo Log,D+2,SMB,15.76,778.1,2026-07-23 21:00:00,2026-07-24 03:33:34.010785661,6.56,Atraso leve,99.33,50.72,48.61,48.94
SHP-00468,2026-06-20 06:00:00,HUB-RJ,Nordeste,R-SP-RJ,Atlas Express,D+1,Enterprise,0.91,1583.6,2026-06-21 12:00:00,2026-06-21 16:47:53.818039233,4.8,Atraso leve,115.16,69.19,45.97,39.92
SHP-00469,2026-06-13 14:00:00,HUB-BH,Sul,R-SP-BH,Atlas Express,D+2,SMB,16.46,17.6,2026-06-15 20:00:00,2026-06-15 14:52:55.973119249,-5.12,No prazo,63.14,35.68,27.46,43.49
SHP-00470,2026-06-05 11:00:00,HUB-SP,Sul,R-SP-PR,Nexo Log,D+2,B2C,23.77,399.6,2026-06-07 17:00:00,2026-06-07 20:42:32.483916651,3.71,Atraso leve,87.99,66.57,21.42,24.34
SHP-00471,2026-07-30 04:00:00,HUB-PR,Centro-Oeste,R-RJ-NE,ViaCargo,Same Day,B2C,7.42,1404.0,2026-07-30 16:00:00,2026-07-30 10:26:48.919715957,-5.55,No prazo,109.39,66.05,43.34,39.62
SHP-00472,2026-07-05 19:00:00,HUB-SP,Nordeste,R-PR-CO,RotaSul,Econômico,B2C,1.99,1089.5,2026-07-09 19:00:00,2026-07-10 03:37:24.520638192,8.62,Atraso crítico,97.47,74.95,22.52,23.1
SHP-00473,2026-07-03 18:00:00,HUB-BH,Nordeste,R-RJ-NE,Atlas Express,D+2,B2C,21.23,388.2,2026-07-06 00:00:00,2026-07-06 05:38:55.413491703,5.65,Atraso leve,88.1,64.15,23.95,27.19
SHP-00474,2026-07-09 21:00:00,HUB-BH,Sudeste,R-PR-CO,Atlas Express,Econômico,B2C,8.09,644.8,2026-07-13 21:00:00,2026-07-13 13:00:00.000000000,-8.0,No prazo,80.41,63.83,16.58,20.62
SHP-00475,2026-06-23 04:00:00,HUB-GO,Nordeste,R-RJ-NE,ViaCargo,D+1,B2C,2.73,1557.6,2026-06-24 10:00:00,2026-06-24 02:43:39.248983682,-7.27,No prazo,126.46,73.76,52.7,41.67
SHP-00476,2026-06-14 07:00:00,HUB-RJ,Centro-Oeste,R-BH-GO,Atlas Express,D+1,B2C,13.27,722.9,2026-06-15 13:00:00,2026-06-15 22:04:55.406623693,9.08,Atraso crítico,91.78,50.78,41.0,44.67
SHP-00477,2026-07-26 13:00:00,HUB-PR,Centro-Oeste,R-PR-CO,RotaSul,Same Day,B2C,8.08,324.3,2026-07-27 01:00:00,2026-07-27 12:09:11.816952143,11.15,Atraso crítico,53.81,30.82,22.99,42.72
SHP-00478,2026-07-22 05:00:00,HUB-PR,Nordeste,R-RJ-NE,Atlas Express,D+1,B2C,8.3,1108.3,2026-07-23 11:00:00,2026-07-23 03:00:00.000000000,-8.0,No prazo,95.12,52.8,42.32,44.49
SHP-00479,2026-06-02 05:00:00,HUB-RJ,Sul,R-SP-PR,Nexo Log,Same Day,SMB,22.06,355.9,2026-06-02 17:00:00,2026-06-02 10:05:55.889914221,-6.9,No prazo,83.23,53.08,30.15,36.22
SHP-00480,2026-07-30 22:00:00,HUB-SP,Centro-Oeste,R-RJ-NE,RotaSul,D+1,B2C,20.91,1413.1,2026-08-01 04:00:00,2026-07-31 23:42:07.703581817,-4.3,No prazo,134.13,90.57,43.56,32.48
SHP-00481,2026-07-20 13:00:00,HUB-SP,Sudeste,R-PR-CO,RotaSul,D+2,B2C,9.92,1300.3,2026-07-22 19:00:00,2026-07-22 18:02:22.498224035,-0.96,No prazo,112.88,87.76,25.12,22.25
SHP-00482,2026-07-06 00:00:00,HUB-SP,Nordeste,R-PR-CO,RotaSul,D+1,SMB,15.91,240.5,2026-07-07 06:00:00,2026-07-07 13:34:45.755654496,7.58,Atraso leve,60.24,31.63,28.61,47.49
SHP-00483,2026-07-14 06:00:00,HUB-RJ,Nordeste,R-PR-CO,RotaSul,Same Day,SMB,23.93,566.4,2026-07-14 18:00:00,2026-07-15 05:12:01.537367238,11.2,Atraso crítico,97.75,61.98,35.77,36.59
SHP-00484,2026-07-15 11:00:00,HUB-RJ,Sul,R-RJ-NE,Nexo Log,D+2,B2C,20.54,648.9,2026-07-17 17:00:00,2026-07-18 06:23:33.340676494,13.39,Atraso crítico,105.43,64.95,40.48,38.4
SHP-00485,2026-07-24 13:00:00,HUB-GO,Sul,R-RJ-NE,ViaCargo,Econômico,B2C,9.09,227.2,2026-07-28 13:00:00,2026-07-28 16:57:38.317009603,3.96,Atraso leve,51.19,26.08,25.11,49.05
SHP-00486,2026-06-21 18:00:00,HUB-PR,Sul,R-SP-PR,Atlas Express,D+1,B2C,14.76,1443.4,2026-06-23 00:00:00,2026-06-23 18:48:50.871382092,18.81,Atraso crítico,135.61,74.03,61.58,45.41
SHP-00487,2026-06-04 17:00:00,HUB-BH,Sul,R-BH-GO,Atlas Express,D+1,B2C,6.56,985.7,2026-06-05 23:00:00,2026-06-05 20:54:39.578961323,-2.09,No prazo,82.44,49.0,33.44,40.56
SHP-00488,2026-07-03 20:00:00,HUB-BH,Sudeste,R-RJ-NE,RotaSul,D+2,B2C,22.0,559.1,2026-07-06 02:00:00,2026-07-07 04:22:53.754176769,26.38,Atraso crítico,92.47,72.98,19.49,21.08
SHP-00489,2026-06-12 10:00:00,HUB-RJ,Centro-Oeste,R-SP-RJ,Nexo Log,D+1,B2C,5.57,1249.9,2026-06-13 16:00:00,2026-06-13 11:30:56.612621644,-4.48,No prazo,100.48,50.67,49.81,49.57
SHP-00490,2026-06-13 19:00:00,HUB-GO,Nordeste,R-SP-PR,Atlas Express,D+2,B2C,4.88,854.7,2026-06-16 01:00:00,2026-06-15 17:24:17.258503302,-7.6,No prazo,79.39,51.13,28.26,35.6
SHP-00491,2026-06-29 17:00:00,HUB-BH,Sudeste,R-SP-PR,ViaCargo,Econômico,B2C,12.14,813.5,2026-07-03 17:00:00,2026-07-03 11:54:50.885488524,-5.09,No prazo,104.85,68.42,36.43,34.74
SHP-00492,2026-07-27 04:00:00,HUB-BH,Centro-Oeste,R-SP-RJ,Atlas Express,D+2,B2C,17.08,1035.9,2026-07-29 10:00:00,2026-07-29 08:03:08.145849359,-1.95,No prazo,113.37,54.59,58.78,51.85
SHP-00493,2026-06-30 14:00:00,HUB-PR,Sul,R-SP-PR,ViaCargo,Same Day,SMB,7.55,1596.3,2026-07-01 02:00:00,2026-07-01 10:57:25.873591189,8.96,Atraso crítico,139.04,94.41,44.63,32.1
SHP-00494,2026-07-10 13:00:00,HUB-PR,Sul,R-RJ-NE,Atlas Express,D+1,B2C,16.49,793.4,2026-07-11 19:00:00,2026-07-12 08:41:17.484086503,13.69,Atraso crítico,89.39,51.24,38.15,42.68
SHP-00495,2026-06-15 05:00:00,HUB-BH,Sul,R-SP-BH,Nexo Log,D+1,SMB,18.24,707.4,2026-06-16 11:00:00,2026-06-16 06:25:09.727718115,-4.58,No prazo,92.78,45.99,46.79,50.43
SHP-00496,2026-07-21 19:00:00,HUB-BH,Centro-Oeste,R-SP-RJ,Nexo Log,D+2,B2C,10.58,932.7,2026-07-24 01:00:00,2026-07-24 15:07:00.675262760,14.12,Atraso crítico,98.35,69.98,28.37,28.85
SHP-00497,2026-06-02 23:00:00,HUB-PR,Centro-Oeste,R-SP-RJ,ViaCargo,D+1,B2C,13.35,1147.6,2026-06-04 05:00:00,2026-06-04 11:58:41.253550565,6.98,Atraso leve,109.34,77.2,32.14,29.39
SHP-00498,2026-07-03 16:00:00,HUB-SP,Nordeste,R-PR-CO,RotaSul,D+1,SMB,18.93,1455.7,2026-07-04 22:00:00,2026-07-04 18:32:53.842527171,-3.45,No prazo,144.86,84.28,60.58,41.82
SHP-00499,2026-06-11 19:00:00,HUB-GO,Sudeste,R-SP-BH,RotaSul,Econômico,B2C,3.13,262.3,2026-06-15 19:00:00,2026-06-15 23:01:26.123100505,4.02,Atraso leve,56.34,35.18,21.16,37.56
SHP-00500,2026-06-01 21:00:00,HUB-RJ,Centro-Oeste,R-SP-RJ,Atlas Express,D+1,SMB,15.81,231.5,2026-06-03 03:00:00,2026-06-02 19:00:00.000000000,-8.0,No prazo,76.16,41.78,34.38,45.14
SHP-00501,2026-06-20 09:00:00,HUB-SP,Nordeste,R-SP-RJ,Nexo Log,Same Day,B2C,15.2,51.9,2026-06-20 21:00:00,2026-06-20 22:05:40.713888725,1.09,Atraso leve,52.7,34.35,18.35,34.82
SHP-00502,2026-06-29 00:00:00,HUB-PR,Nordeste,R-PR-CO,Atlas Express,D+2,B2C,7.18,392.0,2026-07-01 06:00:00,2026-07-01 12:20:50.667516221,6.35,Atraso leve,60.27,41.95,18.32,30.4
SHP-00503,2026-07-02 12:00:00,HUB-PR,Centro-Oeste,R-RJ-NE,RotaSul,D+2,B2C,5.48,1093.5,2026-07-04 18:00:00,2026-07-04 22:30:36.441668405,4.51,Atraso leve,94.24,56.88,37.36,39.64
SHP-00504,2026-07-04 12:00:00,HUB-RJ,Centro-Oeste,R-SP-PR,ViaCargo,D+2,B2C,20.32,187.9,2026-07-06 18:00:00,2026-07-06 10:00:00.000000000,-8.0,No prazo,80.32,49.31,31.01,38.61
SHP-00505,2026-06-29 14:00:00,HUB-PR,Centro-Oeste,R-SP-PR,Atlas Express,D+1,B2C,5.46,817.6,2026-06-30 20:00:00,2026-07-01 08:50:44.233151207,12.85,Atraso crítico,91.56,68.61,22.95,25.07
SHP-00506,2026-06-30 02:00:00,HUB-GO,Sudeste,R-PR-CO,Nexo Log,D+1,B2C,13.82,1408.9,2026-07-01 08:00:00,2026-07-01 04:05:06.709088918,-3.91,No prazo,120.79,86.0,34.79,28.8
SHP-00507,2026-06-03 14:00:00,HUB-GO,Sul,R-SP-PR,Atlas Express,Econômico,B2C,18.02,1073.7,2026-06-07 14:00:00,2026-06-07 16:01:38.515727587,2.03,Atraso leve,130.3,80.62,49.68,38.13
SHP-00508,2026-07-20 03:00:00,HUB-BH,Sudeste,R-BH-GO,RotaSul,Econômico,SMB,5.34,783.7,2026-07-24 03:00:00,2026-07-24 14:30:20.332287358,11.51,Atraso crítico,85.17,49.18,35.99,42.26
SHP-00509,2026-06-17 09:00:00,HUB-PR,Sudeste,R-SP-BH,ViaCargo,D+2,B2C,17.44,1016.2,2026-06-19 15:00:00,2026-06-19 12:33:39.591535525,-2.44,No prazo,107.72,83.14,24.58,22.82
SHP-00510,2026-06-23 01:00:00,HUB-BH,Centro-Oeste,R-PR-CO,ViaCargo,Econômico,SMB,14.37,1256.2,2026-06-27 01:00:00,2026-06-26 17:00:00.000000000,-8.0,No prazo,126.77,90.64,36.13,28.5
SHP-00511,2026-07-08 08:00:00,HUB-PR,Sudeste,R-SP-BH,ViaCargo,Econômico,B2C,20.64,400.1,2026-07-12 08:00:00,2026-07-12 13:25:56.253477107,5.43,Atraso leve,84.24,60.9,23.34,27.71
SHP-00512,2026-06-15 10:00:00,HUB-RJ,Sudeste,R-BH-GO,Atlas Express,D+2,B2C,0.42,602.2,2026-06-17 16:00:00,2026-06-17 11:09:43.157604199,-4.84,No prazo,55.87,27.41,28.46,50.94
SHP-00513,2026-07-19 19:00:00,HUB-PR,Nordeste,R-SP-RJ,ViaCargo,D+1,Enterprise,10.0,752.2,2026-07-21 01:00:00,2026-07-20 22:02:19.152678809,-2.96,No prazo,79.59,60.17,19.42,24.4
SHP-00514,2026-07-06 04:00:00,HUB-RJ,Nordeste,R-BH-GO,Atlas Express,D+1,B2C,7.51,542.5,2026-07-07 10:00:00,2026-07-07 08:48:23.868191003,-1.19,No prazo,73.94,40.26,33.68,45.55
SHP-00515,2026-06-28 11:00:00,HUB-RJ,Centro-Oeste,R-SP-RJ,RotaSul,Econômico,B2C,14.37,369.3,2026-07-02 11:00:00,2026-07-02 18:00:20.101615745,7.01,Atraso leve,65.83,42.14,23.69,35.99
SHP-00516,2026-06-22 13:00:00,HUB-PR,Sul,R-BH-GO,ViaCargo,D+1,B2C,4.17,84.5,2026-06-23 19:00:00,2026-06-23 22:50:04.330686905,3.83,Atraso leve,37.55,27.91,9.64,25.67
SHP-00517,2026-07-20 01:00:00,HUB-PR,Centro-Oeste,R-SP-PR,Atlas Express,D+1,B2C,17.48,327.2,2026-07-21 07:00:00,2026-07-22 06:44:37.275728765,23.74,Atraso crítico,72.5,52.01,20.49,28.26
SHP-00518,2026-06-13 12:00:00,HUB-GO,Centro-Oeste,R-SP-PR,ViaCargo,Econômico,B2C,15.18,1021.5,2026-06-17 12:00:00,2026-06-17 20:51:55.973751299,8.87,Atraso crítico,114.26,71.74,42.52,37.21
SHP-00519,2026-07-02 05:00:00,HUB-GO,Nordeste,R-SP-RJ,Atlas Express,Same Day,SMB,12.69,989.8,2026-07-02 17:00:00,2026-07-02 09:00:00.000000000,-8.0,No prazo,97.5,76.5,21.0,21.54
SHP-00520,2026-06-04 00:00:00,HUB-RJ,Sudeste,R-SP-RJ,Atlas Express,D+2,SMB,7.73,645.8,2026-06-06 06:00:00,2026-06-06 17:54:10.939792838,11.9,Atraso crítico,70.34,57.65,12.69,18.04
SHP-00521,2026-07-29 06:00:00,HUB-GO,Sudeste,R-SP-RJ,ViaCargo,Econômico,B2C,13.49,205.7,2026-08-02 06:00:00,2026-08-02 01:47:08.051828109,-4.21,No prazo,71.37,40.92,30.45,42.66
SHP-00522,2026-06-26 13:00:00,HUB-SP,Centro-Oeste,R-BH-GO,Atlas Express,D+2,B2C,4.04,493.8,2026-06-28 19:00:00,2026-06-28 19:20:56.166429742,0.35,Atraso leve,52.45,41.62,10.83,20.65
SHP-00523,2026-06-03 17:00:00,HUB-RJ,Centro-Oeste,R-SP-PR,RotaSul,D+1,B2C,8.38,732.6,2026-06-04 23:00:00,2026-06-05 10:54:28.508372453,11.91,Atraso crítico,82.86,67.5,15.36,18.54
SHP-00524,2026-06-18 21:00:00,HUB-RJ,Nordeste,R-SP-RJ,Nexo Log,D+1,B2C,4.35,936.4,2026-06-20 03:00:00,2026-06-20 00:24:25.275679030,-2.59,No prazo,84.19,41.89,42.3,50.24
SHP-00525,2026-07-02 07:00:00,HUB-PR,Nordeste,R-RJ-NE,ViaCargo,D+1,B2C,10.01,1217.8,2026-07-03 13:00:00,2026-07-03 05:00:00.000000000,-8.0,No prazo,108.59,65.58,43.01,39.61
SHP-00526,2026-06-18 16:00:00,HUB-PR,Centro-Oeste,R-PR-CO,ViaCargo,D+2,SMB,20.71,907.8,2026-06-20 22:00:00,2026-06-20 14:00:00.000000000,-8.0,No prazo,110.64,53.97,56.67,51.22
SHP-00527,2026-06-14 09:00:00,HUB-GO,Sul,R-SP-PR,Nexo Log,D+1,B2C,20.11,287.2,2026-06-15 15:00:00,2026-06-15 11:43:30.460479701,-3.27,No prazo,83.32,61.33,21.99,26.39
SHP-00528,2026-07-01 20:00:00,HUB-PR,Nordeste,R-SP-BH,ViaCargo,Econômico,B2C,1.48,817.2,2026-07-05 20:00:00,2026-07-05 19:06:16.657138352,-0.9,No prazo,77.33,45.18,32.15,41.58
SHP-00529,2026-07-19 01:00:00,HUB-PR,Sul,R-BH-GO,Atlas Express,Same Day,B2C,22.02,1562.9,2026-07-19 13:00:00,2026-07-19 05:00:00.000000000,-8.0,No prazo,149.28,80.55,68.73,46.04
SHP-00530,2026-06-14 01:00:00,HUB-BH,Centro-Oeste,R-PR-CO,Atlas Express,Econômico,B2C,1.15,375.4,2026-06-18 01:00:00,2026-06-18 10:45:02.554440535,9.75,Atraso crítico,57.9,40.03,17.87,30.86
SHP-00531,2026-07-15 22:00:00,HUB-RJ,Nordeste,R-PR-CO,Atlas Express,D+1,B2C,11.7,1432.4,2026-07-17 04:00:00,2026-07-16 20:00:00.000000000,-8.0,No prazo,121.94,85.83,36.11,29.61
SHP-00532,2026-07-25 00:00:00,HUB-SP,Sul,R-SP-RJ,Atlas Express,D+1,Enterprise,7.93,949.4,2026-07-26 06:00:00,2026-07-25 22:00:00.000000000,-8.0,No prazo,92.66,53.99,38.67,41.73
SHP-00533,2026-07-01 07:00:00,HUB-PR,Centro-Oeste,R-SP-RJ,RotaSul,D+1,B2C,8.92,1197.9,2026-07-02 13:00:00,2026-07-02 05:21:22.782516393,-7.64,No prazo,99.93,59.24,40.69,40.72
SHP-00534,2026-07-15 06:00:00,HUB-SP,Centro-Oeste,R-PR-CO,Atlas Express,Econômico,B2C,1.35,319.5,2026-07-19 06:00:00,2026-07-19 05:20:42.509655459,-0.65,No prazo,34.25,22.31,11.94,34.86
SHP-00535,2026-07-04 08:00:00,HUB-RJ,Centro-Oeste,R-SP-PR,RotaSul,Same Day,B2C,20.81,50.9,2026-07-04 20:00:00,2026-07-04 12:00:00.000000000,-8.0,No prazo,69.61,54.59,15.02,21.58
SHP-00536,2026-06-04 12:00:00,HUB-SP,Sudeste,R-RJ-NE,Nexo Log,D+2,B2C,21.15,1559.1,2026-06-06 18:00:00,2026-06-07 04:02:14.187706579,10.04,Atraso crítico,151.02,90.18,60.84,40.29
SHP-00537,2026-07-12 20:00:00,HUB-RJ,Sul,R-SP-BH,RotaSul,D+1,B2C,0.67,97.6,2026-07-14 02:00:00,2026-07-13 19:01:02.837873586,-6.98,No prazo,43.88,22.15,21.73,49.52
SHP-00538,2026-06-11 10:00:00,HUB-GO,Nordeste,R-SP-RJ,ViaCargo,D+1,B2C,9.83,726.2,2026-06-12 16:00:00,2026-06-12 15:31:30.650826685,-0.47,No prazo,82.0,40.42,41.58,50.71
SHP-00539,2026-06-30 23:00:00,HUB-GO,Sudeste,R-SP-RJ,RotaSul,D+2,B2C,11.64,716.0,2026-07-03 05:00:00,2026-07-02 23:27:03.986511227,-5.55,No prazo,78.93,38.01,40.92,51.84
SHP-00540,2026-06-07 10:00:00,HUB-GO,Sudeste,R-SP-RJ,RotaSul,Econômico,B2C,9.84,1144.3,2026-06-11 10:00:00,2026-06-12 02:37:06.375645676,16.62,Atraso crítico,111.3,60.39,50.91,45.74
SHP-00541,2026-07-09 11:00:00,HUB-GO,Sul,R-BH-GO,Atlas Express,D+1,B2C,6.42,745.3,2026-07-10 17:00:00,2026-07-10 14:12:21.165108278,-2.79,No prazo,83.51,54.55,28.96,34.68
SHP-00542,2026-06-19 14:00:00,HUB-BH,Centro-Oeste,R-SP-RJ,Atlas Express,Econômico,B2C,6.34,1289.4,2026-06-23 14:00:00,2026-06-23 06:00:00.000000000,-8.0,No prazo,115.76,90.04,25.72,22.22
SHP-00543,2026-07-20 18:00:00,HUB-GO,Centro-Oeste,R-SP-PR,RotaSul,D+1,Enterprise,3.89,1418.8,2026-07-22 00:00:00,2026-07-23 07:41:20.010362076,31.69,Atraso crítico,108.63,59.38,49.25,45.34
SHP-00544,2026-07-06 08:00:00,HUB-GO,Centro-Oeste,R-SP-PR,ViaCargo,D+2,B2C,19.84,1377.6,2026-07-08 14:00:00,2026-07-09 22:03:51.408770093,32.06,Atraso crítico,137.01,111.11,25.9,18.9
SHP-00545,2026-07-05 06:00:00,HUB-RJ,Sul,R-RJ-NE,ViaCargo,Econômico,B2C,9.21,331.6,2026-07-09 06:00:00,2026-07-08 23:39:12.328161509,-6.35,No prazo,52.53,39.24,13.29,25.3
SHP-00546,2026-07-30 10:00:00,HUB-RJ,Centro-Oeste,R-RJ-NE,RotaSul,D+2,B2C,20.73,1074.0,2026-08-01 16:00:00,2026-08-01 09:11:29.535640126,-6.81,No prazo,131.52,89.22,42.3,32.16
SHP-00547,2026-06-20 06:00:00,HUB-PR,Centro-Oeste,R-SP-BH,Atlas Express,Same Day,B2C,17.48,546.7,2026-06-20 18:00:00,2026-06-21 22:45:58.146690899,28.77,Atraso crítico,77.58,53.92,23.66,30.5
SHP-00548,2026-07-08 01:00:00,HUB-BH,Nordeste,R-SP-PR,RotaSul,D+1,B2C,8.46,1026.6,2026-07-09 07:00:00,2026-07-10 10:15:13.629557842,27.25,Atraso crítico,95.16,64.34,30.82,32.39
SHP-00549,2026-07-17 02:00:00,HUB-PR,Centro-Oeste,R-SP-BH,ViaCargo,Same Day,B2C,1.18,245.3,2026-07-17 14:00:00,2026-07-17 07:22:42.244346428,-6.62,No prazo,33.39,22.86,10.53,31.54
SHP-00550,2026-07-23 01:00:00,HUB-PR,Sul,R-BH-GO,Nexo Log,D+1,B2C,6.07,269.9,2026-07-24 07:00:00,2026-07-24 15:27:43.227260824,8.46,Atraso crítico,49.33,36.69,12.64,25.62
SHP-00551,2026-06-17 09:00:00,HUB-GO,Sul,R-RJ-NE,Nexo Log,D+1,SMB,20.88,938.2,2026-06-18 15:00:00,2026-06-18 07:00:00.000000000,-8.0,No prazo,112.72,56.76,55.96,49.65
SHP-00552,2026-06-03 18:00:00,HUB-RJ,Sul,R-RJ-NE,ViaCargo,D+2,B2C,18.13,1057.5,2026-06-06 00:00:00,2026-06-06 09:36:39.185642109,9.61,Atraso crítico,122.88,96.76,26.12,21.26
SHP-00553,2026-06-20 21:00:00,HUB-RJ,Nordeste,R-SP-PR,RotaSul,D+1,B2C,2.04,240.4,2026-06-22 03:00:00,2026-06-22 12:26:23.275767536,9.44,Atraso crítico,53.6,41.85,11.75,21.92
SHP-00554,2026-07-09 22:00:00,HUB-GO,Sudeste,R-SP-RJ,RotaSul,D+2,B2C,3.66,1595.3,2026-07-12 04:00:00,2026-07-12 08:43:26.035030781,4.72,Atraso leve,109.45,74.76,34.69,31.69
SHP-00555,2026-06-19 02:00:00,HUB-SP,Sudeste,R-SP-BH,Nexo Log,D+2,B2C,5.41,1119.3,2026-06-21 08:00:00,2026-06-21 10:00:42.961134993,2.01,Atraso leve,105.43,57.38,48.05,45.58
SHP-00556,2026-07-20 23:00:00,HUB-BH,Sul,R-SP-PR,ViaCargo,D+1,B2C,13.57,629.5,2026-07-22 05:00:00,2026-07-23 10:21:02.179983901,29.35,Atraso crítico,98.87,69.35,29.52,29.86
SHP-00557,2026-06-23 16:00:00,HUB-BH,Centro-Oeste,R-RJ-NE,RotaSul,Same Day,B2C,9.34,247.3,2026-06-24 04:00:00,2026-06-23 20:00:00.000000000,-8.0,No prazo,59.17,43.08,16.09,27.19
SHP-00558,2026-06-13 07:00:00,HUB-GO,Nordeste,R-BH-GO,RotaSul,D+1,B2C,18.64,540.0,2026-06-14 13:00:00,2026-06-15 06:44:13.846183973,17.74,Atraso crítico,83.83,60.97,22.86,27.27
SHP-00559,2026-06-08 21:00:00,HUB-SP,Sul,R-PR-CO,ViaCargo,D+1,Enterprise,11.85,1259.9,2026-06-10 03:00:00,2026-06-10 08:22:33.437187716,5.38,Atraso leve,105.96,84.45,21.51,20.3
SHP-00560,2026-06-24 08:00:00,HUB-GO,Sudeste,R-BH-GO,Nexo Log,Econômico,SMB,8.7,717.0,2026-06-28 08:00:00,2026-06-29 01:47:07.982137415,17.79,Atraso crítico,86.42,54.03,32.39,37.48
SHP-00561,2026-06-29 21:00:00,HUB-PR,Sudeste,R-SP-BH,Atlas Express,Econômico,SMB,19.52,1312.6,2026-07-03 21:00:00,2026-07-04 01:04:50.092517966,4.08,Atraso leve,141.76,114.34,27.42,19.34
SHP-00562,2026-06-08 23:00:00,HUB-BH,Centro-Oeste,R-RJ-NE,RotaSul,D+1,B2C,0.34,925.5,2026-06-10 05:00:00,2026-06-10 11:32:20.454915991,6.54,Atraso leve,84.24,45.43,38.81,46.07
SHP-00563,2026-06-11 20:00:00,HUB-BH,Sudeste,R-SP-BH,Atlas Express,D+2,SMB,16.51,190.5,2026-06-14 02:00:00,2026-06-14 06:38:04.940103717,4.63,Atraso leve,58.5,42.8,15.7,26.84
SHP-00564,2026-06-05 01:00:00,HUB-SP,Nordeste,R-SP-PR,Nexo Log,D+2,B2C,2.5,1017.6,2026-06-07 07:00:00,2026-06-07 21:42:22.192425560,14.71,Atraso crítico,76.29,61.12,15.17,19.88
SHP-00565,2026-06-04 16:00:00,HUB-SP,Sul,R-SP-RJ,Nexo Log,D+1,SMB,23.97,56.1,2026-06-05 22:00:00,2026-06-05 14:00:00.000000000,-8.0,No prazo,62.64,37.53,25.11,40.09
SHP-00566,2026-07-05 15:00:00,HUB-GO,Nordeste,R-RJ-NE,Atlas Express,Econômico,B2C,10.01,1197.2,2026-07-09 15:00:00,2026-07-10 10:45:09.783956455,19.75,Atraso crítico,106.68,75.26,31.42,29.45
SHP-00567,2026-06-28 21:00:00,HUB-GO,Nordeste,R-PR-CO,RotaSul,D+1,B2C,0.76,419.0,2026-06-30 03:00:00,2026-06-30 12:52:34.511272248,9.88,Atraso crítico,42.77,27.9,14.87,34.77
SHP-00568,2026-06-19 15:00:00,HUB-RJ,Sudeste,R-BH-GO,Atlas Express,Econômico,B2C,9.72,1260.8,2026-06-23 15:00:00,2026-06-23 10:46:57.753418702,-4.22,No prazo,116.6,59.98,56.62,48.56
SHP-00569,2026-07-15 03:00:00,HUB-RJ,Nordeste,R-SP-BH,Nexo Log,Same Day,B2C,4.79,245.7,2026-07-15 15:00:00,2026-07-15 07:00:00.000000000,-8.0,No prazo,50.87,32.09,18.78,36.92
SHP-00570,2026-06-11 19:00:00,HUB-GO,Nordeste,R-PR-CO,RotaSul,D+1,B2C,4.92,1528.0,2026-06-13 01:00:00,2026-06-13 13:29:42.103842829,12.5,Atraso crítico,127.65,76.16,51.49,40.34
SHP-00571,2026-07-21 12:00:00,HUB-RJ,Nordeste,R-SP-PR,RotaSul,Econômico,B2C,14.64,600.5,2026-07-25 12:00:00,2026-07-26 10:43:39.074956303,22.73,Atraso crítico,74.87,66.46,8.41,11.23
SHP-00572,2026-06-19 02:00:00,HUB-RJ,Sudeste,R-BH-GO,ViaCargo,D+2,B2C,15.0,1078.4,2026-06-21 08:00:00,2026-06-21 00:00:00.000000000,-8.0,No prazo,113.17,65.4,47.77,42.21
SHP-00573,2026-07-08 07:00:00,HUB-RJ,Nordeste,R-SP-BH,ViaCargo,D+2,B2C,8.12,1077.5,2026-07-10 13:00:00,2026-07-11 11:23:13.380021161,22.39,Atraso crítico,92.43,73.57,18.86,20.4
SHP-00574,2026-06-19 09:00:00,HUB-GO,Nordeste,R-PR-CO,Atlas Express,D+1,B2C,15.96,262.5,2026-06-20 15:00:00,2026-06-20 19:42:31.602138222,4.71,Atraso leve,63.62,49.56,14.06,22.1
SHP-00575,2026-07-12 08:00:00,HUB-GO,Sul,R-BH-GO,Atlas Express,Econômico,B2C,23.58,1087.6,2026-07-16 08:00:00,2026-07-16 21:27:48.867100410,13.46,Atraso crítico,139.88,102.92,36.96,26.42
SHP-00576,2026-06-08 22:00:00,HUB-PR,Centro-Oeste,R-PR-CO,Nexo Log,D+1,B2C,22.82,916.3,2026-06-10 04:00:00,2026-06-10 17:16:16.737558355,13.27,Atraso crítico,115.13,74.42,40.71,35.36
SHP-00577,2026-07-07 22:00:00,HUB-BH,Sudeste,R-RJ-NE,ViaCargo,D+2,B2C,15.28,1465.7,2026-07-10 04:00:00,2026-07-10 19:05:28.599650821,15.09,Atraso crítico,133.99,90.48,43.51,32.47
SHP-00578,2026-07-05 10:00:00,HUB-GO,Sul,R-SP-BH,ViaCargo,Same Day,B2C,13.24,897.1,2026-07-05 22:00:00,2026-07-05 15:51:55.263087768,-6.13,No prazo,89.94,61.46,28.48,31.67
SHP-00579,2026-07-07 12:00:00,HUB-PR,Sul,R-SP-RJ,ViaCargo,D+2,B2C,15.13,374.5,2026-07-09 18:00:00,2026-07-10 12:58:44.807614005,18.98,Atraso crítico,74.35,56.81,17.54,23.59
SHP-00580,2026-07-10 08:00:00,HUB-RJ,Centro-Oeste,R-SP-BH,Nexo Log,D+1,B2C,14.83,31.5,2026-07-11 14:00:00,2026-07-11 18:58:18.387879925,4.97,Atraso leve,59.09,43.13,15.96,27.01
SHP-00581,2026-07-09 18:00:00,HUB-PR,Sudeste,R-SP-BH,ViaCargo,D+1,B2C,1.89,194.4,2026-07-11 00:00:00,2026-07-10 17:17:29.601188742,-6.71,No prazo,45.01,25.62,19.39,43.08
SHP-00582,2026-06-26 11:00:00,HUB-RJ,Sudeste,R-SP-BH,ViaCargo,D+2,B2C,18.86,610.3,2026-06-28 17:00:00,2026-06-28 09:00:00.000000000,-8.0,No prazo,98.96,55.16,43.8,44.26
SHP-00583,2026-07-30 16:00:00,HUB-GO,Nordeste,R-SP-PR,Atlas Express,D+1,B2C,14.26,586.2,2026-07-31 22:00:00,2026-08-01 11:44:16.489310687,13.74,Atraso crítico,80.55,48.65,31.9,39.6
SHP-00584,2026-06-27 22:00:00,HUB-BH,Centro-Oeste,R-RJ-NE,Atlas Express,D+2,SMB,12.78,221.1,2026-06-30 04:00:00,2026-06-30 05:24:32.199441910,1.41,Atraso leve,55.68,39.91,15.77,28.32
SHP-00585,2026-06-22 08:00:00,HUB-GO,Centro-Oeste,R-BH-GO,Nexo Log,Econômico,B2C,8.81,885.4,2026-06-26 08:00:00,2026-06-26 15:13:16.231980117,7.22,Atraso leve,92.33,72.69,19.64,21.27
SHP-00586,2026-07-23 09:00:00,HUB-RJ,Nordeste,R-SP-PR,ViaCargo,D+2,B2C,9.08,289.7,2026-07-25 15:00:00,2026-07-26 00:21:19.977250274,9.36,Atraso crítico,61.78,42.34,19.44,31.47
SHP-00587,2026-07-29 01:00:00,HUB-RJ,Centro-Oeste,R-RJ-NE,Atlas Express,Econômico,Enterprise,12.92,1371.1,2026-08-02 01:00:00,2026-08-03 01:12:11.835076356,24.2,Atraso crítico,132.7,76.83,55.87,42.1
SHP-00588,2026-06-07 14:00:00,HUB-SP,Sul,R-BH-GO,ViaCargo,Econômico,Enterprise,2.51,115.3,2026-06-11 14:00:00,2026-06-11 23:34:52.341821662,9.58,Atraso crítico,44.08,29.2,14.88,33.76
SHP-00589,2026-06-28 01:00:00,HUB-PR,Centro-Oeste,R-PR-CO,Nexo Log,Same Day,SMB,13.3,1573.1,2026-06-28 13:00:00,2026-06-28 18:17:14.865469188,5.29,Atraso leve,142.94,73.67,69.27,48.46
SHP-00590,2026-07-17 14:00:00,HUB-SP,Nordeste,R-SP-RJ,Atlas Express,Econômico,SMB,18.37,117.0,2026-07-21 14:00:00,2026-07-21 06:52:01.937037092,-7.13,No prazo,57.05,44.62,12.43,21.79
SHP-00591,2026-07-17 10:00:00,HUB-BH,Nordeste,R-BH-GO,RotaSul,D+1,B2C,6.76,1419.9,2026-07-18 16:00:00,2026-07-19 04:19:29.442304932,12.32,Atraso crítico,121.96,95.68,26.28,21.55
SHP-00592,2026-06-19 04:00:00,HUB-GO,Sudeste,R-SP-RJ,RotaSul,D+2,B2C,17.33,1029.9,2026-06-21 10:00:00,2026-06-21 16:01:32.978291312,6.03,Atraso leve,123.26,96.75,26.51,21.51
SHP-00593,2026-06-01 10:00:00,HUB-BH,Nordeste,R-SP-BH,Atlas Express,Econômico,B2C,1.08,621.2,2026-06-05 10:00:00,2026-06-05 16:03:14.932188531,6.05,Atraso leve,69.2,50.93,18.27,26.4
SHP-00594,2026-07-29 07:00:00,HUB-BH,Sul,R-RJ-NE,Atlas Express,D+1,B2C,1.47,141.8,2026-07-30 13:00:00,2026-07-31 08:16:34.094073223,19.28,Atraso crítico,47.36,34.72,12.64,26.69
SHP-00595,2026-07-27 21:00:00,HUB-PR,Sul,R-SP-PR,ViaCargo,D+2,B2C,19.27,1403.2,2026-07-30 03:00:00,2026-07-30 23:41:00.021372911,20.68,Atraso crítico,133.86,97.06,36.8,27.49
SHP-00596,2026-07-16 00:00:00,HUB-PR,Nordeste,R-SP-PR,Atlas Express,D+2,SMB,23.89,1591.0,2026-07-18 06:00:00,2026-07-18 18:30:43.979691420,12.51,Atraso crítico,158.53,135.05,23.48,14.81
SHP-00597,2026-07-29 12:00:00,HUB-GO,Sul,R-RJ-NE,ViaCargo,Econômico,B2C,16.64,224.9,2026-08-02 12:00:00,2026-08-02 13:51:59.273161822,1.87,Atraso leve,60.84,45.17,15.67,25.76
SHP-00598,2026-07-20 10:00:00,HUB-PR,Centro-Oeste,R-BH-GO,RotaSul,Econômico,SMB,10.05,974.3,2026-07-24 10:00:00,2026-07-24 10:07:28.057569682,0.12,Atraso leve,105.69,71.01,34.68,32.81
SHP-00599,2026-07-23 23:00:00,HUB-RJ,Sudeste,R-RJ-NE,RotaSul,Econômico,SMB,12.43,133.4,2026-07-27 23:00:00,2026-07-28 04:14:45.801083238,5.25,Atraso leve,61.92,44.81,17.11,27.63
SHP-00600,2026-07-16 13:00:00,HUB-RJ,Sul,R-SP-PR,RotaSul,D+1,B2C,9.96,1118.1,2026-07-17 19:00:00,2026-07-18 23:43:14.484787470,28.72,Atraso crítico,115.55,92.17,23.38,20.23
SHP-00601,2026-06-29 15:00:00,HUB-RJ,Centro-Oeste,R-RJ-NE,Nexo Log,D+1,B2C,16.17,487.9,2026-06-30 21:00:00,2026-06-30 19:13:36.202093650,-1.77,No prazo,79.88,56.09,23.79,29.78
SHP-00602,2026-07-18 18:00:00,HUB-BH,Nordeste,R-PR-CO,RotaSul,Econômico,SMB,4.92,612.5,2026-07-22 18:00:00,2026-07-23 13:32:17.077018420,19.54,Atraso crítico,65.36,37.39,27.97,42.79
SHP-00603,2026-07-13 11:00:00,HUB-PR,Sudeste,R-PR-CO,ViaCargo,D+1,SMB,23.88,1383.8,2026-07-14 17:00:00,2026-07-14 14:38:12.316824567,-2.36,No prazo,136.07,76.94,59.13,43.46
SHP-00604,2026-07-18 08:00:00,HUB-BH,Sul,R-BH-GO,Nexo Log,D+2,B2C,6.21,968.6,2026-07-20 14:00:00,2026-07-20 16:43:48.945493625,2.73,Atraso leve,79.84,55.86,23.98,30.04
SHP-00605,2026-06-23 11:00:00,HUB-SP,Sudeste,R-RJ-NE,Atlas Express,D+2,B2C,15.36,473.7,2026-06-25 17:00:00,2026-06-26 00:45:05.313527810,7.75,Atraso leve,72.23,38.48,33.75,46.73
SHP-00606,2026-06-12 23:00:00,HUB-SP,Sudeste,R-SP-PR,Nexo Log,D+2,B2C,6.89,508.8,2026-06-15 05:00:00,2026-06-15 04:25:56.995097171,-0.57,No prazo,60.66,45.31,15.35,25.3
SHP-00607,2026-06-24 13:00:00,HUB-PR,Nordeste,R-SP-BH,ViaCargo,D+1,SMB,23.2,947.8,2026-06-25 19:00:00,2026-06-25 19:06:20.795957344,0.11,Atraso leve,123.16,94.6,28.56,23.19
SHP-00608,2026-06-06 08:00:00,HUB-GO,Sul,R-SP-RJ,Nexo Log,Same Day,B2C,1.65,1335.7,2026-06-06 20:00:00,2026-06-06 17:24:57.447743117,-2.58,No prazo,91.29,48.11,43.18,47.3
SHP-00609,2026-06-17 07:00:00,HUB-SP,Centro-Oeste,R-PR-CO,Nexo Log,D+2,B2C,3.38,1538.5,2026-06-19 13:00:00,2026-06-19 15:51:03.026847071,2.85,Atraso leve,107.66,71.04,36.62,34.01
SHP-00610,2026-06-18 18:00:00,HUB-PR,Nordeste,R-BH-GO,ViaCargo,D+2,B2C,20.88,479.3,2026-06-21 00:00:00,2026-06-21 17:43:18.299754951,17.72,Atraso crítico,91.67,44.29,47.38,51.69
SHP-00611,2026-06-19 21:00:00,HUB-BH,Nordeste,R-BH-GO,Nexo Log,D+1,B2C,21.08,87.8,2026-06-21 03:00:00,2026-06-21 08:19:41.784897063,5.33,Atraso leve,83.7,47.23,36.47,43.57
SHP-00612,2026-07-20 06:00:00,HUB-BH,Sudeste,R-SP-BH,Atlas Express,D+1,SMB,9.57,1054.1,2026-07-21 12:00:00,2026-07-22 05:20:16.062829289,17.34,Atraso crítico,111.06,79.47,31.59,28.44
SHP-00613,2026-07-24 18:00:00,HUB-SP,Sudeste,R-SP-RJ,Nexo Log,D+1,B2C,8.97,1048.5,2026-07-26 00:00:00,2026-07-26 12:08:58.386601846,12.15,Atraso crítico,97.38,61.83,35.55,36.51
SHP-00614,2026-07-11 07:00:00,HUB-BH,Sudeste,R-RJ-NE,Atlas Express,D+2,B2C,16.1,504.5,2026-07-13 13:00:00,2026-07-13 05:00:00.000000000,-8.0,No prazo,72.7,38.74,33.96,46.71
SHP-00615,2026-07-29 09:00:00,HUB-SP,Nordeste,R-RJ-NE,Atlas Express,D+1,Enterprise,14.98,1281.8,2026-07-30 15:00:00,2026-07-30 15:13:32.271823075,0.23,Atraso leve,122.59,60.79,61.8,50.41
SHP-00616,2026-06-18 10:00:00,HUB-RJ,Centro-Oeste,R-RJ-NE,ViaCargo,Econômico,SMB,8.41,269.0,2026-06-22 10:00:00,2026-06-22 16:07:03.333502929,6.12,Atraso leve,61.42,39.94,21.48,34.97
SHP-00617,2026-07-07 23:00:00,HUB-PR,Sul,R-SP-PR,Nexo Log,D+2,Enterprise,9.2,1520.8,2026-07-10 05:00:00,2026-07-10 18:29:14.319225813,13.49,Atraso crítico,127.2,72.31,54.89,43.15
SHP-00618,2026-06-03 19:00:00,HUB-RJ,Nordeste,R-SP-RJ,Nexo Log,D+2,B2C,19.62,1380.1,2026-06-06 01:00:00,2026-06-06 07:08:37.390182367,6.14,Atraso leve,147.65,93.74,53.91,36.51
SHP-00619,2026-06-09 21:00:00,HUB-GO,Nordeste,R-SP-PR,RotaSul,D+2,B2C,20.6,1219.7,2026-06-12 03:00:00,2026-06-12 05:00:08.361595381,2.0,Atraso leve,137.81,66.62,71.19,51.66
SHP-00620,2026-07-18 05:00:00,HUB-SP,Sul,R-PR-CO,ViaCargo,Same Day,SMB,17.9,1518.8,2026-07-18 17:00:00,2026-07-18 18:20:28.381964109,1.34,Atraso leve,156.03,122.28,33.75,21.63
SHP-00621,2026-06-08 22:00:00,HUB-PR,Sudeste,R-PR-CO,Nexo Log,Econômico,SMB,22.19,290.5,2026-06-12 22:00:00,2026-06-14 05:43:53.094280713,31.73,Atraso crítico,81.35,51.66,29.69,36.5
SHP-00622,2026-06-08 06:00:00,HUB-RJ,Centro-Oeste,R-SP-BH,Atlas Express,Econômico,B2C,10.34,733.5,2026-06-12 06:00:00,2026-06-12 06:20:26.841984737,0.34,Atraso leve,74.12,55.22,18.9,25.5
SHP-00623,2026-07-05 14:00:00,HUB-BH,Centro-Oeste,R-SP-RJ,Nexo Log,D+1,B2C,13.17,1360.8,2026-07-06 20:00:00,2026-07-07 02:58:09.078778247,6.97,Atraso leve,119.5,58.48,61.02,51.06
SHP-00624,2026-06-27 03:00:00,HUB-GO,Sudeste,R-SP-BH,ViaCargo,D+2,SMB,15.32,654.0,2026-06-29 09:00:00,2026-06-30 02:09:58.529242958,17.17,Atraso crítico,82.93,51.13,31.8,38.35
SHP-00625,2026-06-19 17:00:00,HUB-SP,Sul,R-SP-PR,Nexo Log,D+1,B2C,22.06,94.8,2026-06-20 23:00:00,2026-06-20 18:34:16.408525241,-4.43,No prazo,61.45,33.32,28.13,45.78
SHP-00626,2026-06-09 10:00:00,HUB-RJ,Nordeste,R-BH-GO,Atlas Express,D+2,B2C,20.58,319.2,2026-06-11 16:00:00,2026-06-11 08:00:00.000000000,-8.0,No prazo,71.48,48.23,23.25,32.53
SHP-00627,2026-07-12 11:00:00,HUB-SP,Sudeste,R-RJ-NE,ViaCargo,D+2,Enterprise,17.56,120.2,2026-07-14 17:00:00,2026-07-14 09:00:00.000000000,-8.0,No prazo,56.88,39.22,17.66,31.05
SHP-00628,2026-06-22 04:00:00,HUB-SP,Sudeste,R-SP-PR,Nexo Log,D+1,B2C,15.39,236.3,2026-06-23 10:00:00,2026-06-23 12:30:59.232463396,2.52,Atraso leve,70.06,38.34,31.72,45.28
SHP-00629,2026-07-24 05:00:00,HUB-SP,Sudeste,R-PR-CO,Atlas Express,Econômico,B2C,14.49,149.5,2026-07-28 05:00:00,2026-07-28 20:32:12.223679560,15.54,Atraso crítico,59.31,33.74,25.57,43.11
SHP-00630,2026-06-23 07:00:00,HUB-RJ,Centro-Oeste,R-SP-PR,Atlas Express,D+2,B2C,20.74,15.7,2026-06-25 13:00:00,2026-06-25 09:48:58.009015709,-3.18,No prazo,55.67,33.62,22.05,39.61
SHP-00631,2026-07-30 12:00:00,HUB-BH,Sudeste,R-SP-RJ,ViaCargo,D+1,B2C,12.93,199.9,2026-07-31 18:00:00,2026-07-31 22:06:05.745825164,4.1,Atraso leve,56.74,39.61,17.13,30.19
SHP-00632,2026-06-01 13:00:00,HUB-GO,Centro-Oeste,R-SP-BH,Atlas Express,D+1,B2C,4.56,720.4,2026-06-02 19:00:00,2026-06-03 11:19:15.487111301,16.32,Atraso crítico,67.02,35.74,31.28,46.67
SHP-00633,2026-06-17 04:00:00,HUB-RJ,Nordeste,R-BH-GO,Nexo Log,D+2,B2C,22.06,1177.1,2026-06-19 10:00:00,2026-06-19 02:00:00.000000000,-8.0,No prazo,140.77,102.08,38.69,27.48
SHP-00634,2026-06-20 19:00:00,HUB-SP,Centro-Oeste,R-SP-BH,RotaSul,D+1,B2C,1.23,21.3,2026-06-22 01:00:00,2026-06-22 12:02:00.201063199,11.03,Atraso crítico,40.79,29.14,11.65,28.56
SHP-00635,2026-06-13 01:00:00,HUB-GO,Centro-Oeste,R-BH-GO,Nexo Log,Econômico,B2C,11.15,562.9,2026-06-17 01:00:00,2026-06-17 07:17:15.802098959,6.29,Atraso leve,83.62,68.02,15.6,18.66
SHP-00636,2026-07-07 09:00:00,HUB-BH,Sudeste,R-RJ-NE,ViaCargo,D+1,B2C,17.02,584.3,2026-07-08 15:00:00,2026-07-08 14:05:05.542853361,-0.92,No prazo,87.76,54.98,32.78,37.35
SHP-00637,2026-06-24 12:00:00,HUB-PR,Sudeste,R-RJ-NE,Atlas Express,D+2,B2C,17.32,431.1,2026-06-26 18:00:00,2026-06-27 02:47:20.723875455,8.79,Atraso crítico,86.2,59.28,26.92,31.23
SHP-00638,2026-07-14 22:00:00,HUB-BH,Nordeste,R-BH-GO,Atlas Express,D+1,B2C,10.09,1264.3,2026-07-16 04:00:00,2026-07-16 23:42:15.249698044,19.7,Atraso crítico,106.43,67.73,38.7,36.36
SHP-00639,2026-06-26 13:00:00,HUB-BH,Sudeste,R-SP-PR,RotaSul,D+2,B2C,16.32,642.3,2026-06-28 19:00:00,2026-06-28 12:57:54.764083567,-6.03,No prazo,87.58,42.97,44.61,50.94
SHP-00640,2026-06-10 01:00:00,HUB-RJ,Centro-Oeste,R-SP-PR,Nexo Log,D+2,B2C,6.09,261.3,2026-06-12 07:00:00,2026-06-11 23:00:00.000000000,-8.0,No prazo,53.29,38.18,15.11,28.35
SHP-00641,2026-06-25 13:00:00,HUB-RJ,Centro-Oeste,R-SP-PR,Atlas Express,D+1,B2C,12.33,194.8,2026-06-26 19:00:00,2026-06-27 15:15:58.733292422,20.27,Atraso crítico,60.28,35.32,24.96,41.41
SHP-00642,2026-06-10 00:00:00,HUB-BH,Nordeste,R-PR-CO,ViaCargo,Econômico,SMB,5.57,573.1,2026-06-14 00:00:00,2026-06-14 08:12:11.422310788,8.2,Atraso crítico,57.98,36.12,21.86,37.7
SHP-00643,2026-07-01 00:00:00,HUB-SP,Sudeste,R-BH-GO,RotaSul,D+2,B2C,19.04,279.8,2026-07-03 06:00:00,2026-07-03 00:12:52.882380150,-5.79,No prazo,67.85,54.19,13.66,20.13
SHP-00644,2026-06-03 11:00:00,HUB-GO,Sudeste,R-SP-BH,Atlas Express,D+1,B2C,10.42,580.9,2026-06-04 17:00:00,2026-06-04 16:26:23.201783403,-0.56,No prazo,88.56,70.21,18.35,20.72
SHP-00645,2026-07-28 05:00:00,HUB-SP,Nordeste,R-SP-PR,RotaSul,D+1,B2C,1.49,1131.5,2026-07-29 11:00:00,2026-07-29 22:12:54.237083435,11.22,Atraso crítico,90.4,76.08,14.32,15.84
SHP-00646,2026-06-09 13:00:00,HUB-BH,Sudeste,R-RJ-NE,Atlas Express,Same Day,B2C,14.33,55.9,2026-06-10 01:00:00,2026-06-10 09:50:08.383388749,8.84,Atraso crítico,45.19,32.86,12.33,27.28
SHP-00647,2026-06-12 17:00:00,HUB-RJ,Nordeste,R-RJ-NE,Nexo Log,Same Day,Enterprise,9.47,152.3,2026-06-13 05:00:00,2026-06-13 06:36:55.943785600,1.62,Atraso leve,61.34,41.14,20.2,32.93
SHP-00648,2026-06-17 08:00:00,HUB-GO,Centro-Oeste,R-SP-PR,Nexo Log,D+1,SMB,22.3,1453.9,2026-06-18 14:00:00,2026-06-19 00:22:47.035073226,10.38,Atraso crítico,161.11,84.54,76.57,47.53
SHP-00649,2026-07-27 08:00:00,HUB-BH,Nordeste,R-BH-GO,ViaCargo,D+1,SMB,12.09,841.6,2026-07-28 14:00:00,2026-07-28 16:55:51.520038481,2.93,Atraso leve,87.3,63.35,23.95,27.43
SHP-00650,2026-06-13 12:00:00,HUB-PR,Nordeste,R-SP-RJ,Atlas Express,D+1,B2C,20.33,1524.0,2026-06-14 18:00:00,2026-06-14 20:27:11.367811149,2.45,Atraso leve,140.27,100.33,39.94,28.47
SHP-00651,2026-06-22 06:00:00,HUB-PR,Centro-Oeste,R-RJ-NE,ViaCargo,D+2,SMB,9.21,1386.4,2026-06-24 12:00:00,2026-06-24 10:58:45.003021052,-1.02,No prazo,110.5,75.49,35.01,31.68
SHP-00652,2026-06-15 02:00:00,HUB-BH,Sudeste,R-SP-BH,Atlas Express,D+2,B2C,10.6,1532.8,2026-06-17 08:00:00,2026-06-17 00:02:07.253768007,-7.96,No prazo,131.17,83.9,47.27,36.04
SHP-00653,2026-06-17 03:00:00,HUB-BH,Sudeste,R-SP-PR,Nexo Log,D+1,Enterprise,20.98,1450.4,2026-06-18 09:00:00,2026-06-18 17:28:12.316830249,8.47,Atraso crítico,155.65,98.62,57.03,36.64
SHP-00654,2026-07-14 01:00:00,HUB-BH,Centro-Oeste,R-BH-GO,Nexo Log,D+2,B2C,18.59,1472.0,2026-07-16 07:00:00,2026-07-16 13:47:14.832116662,6.79,Atraso leve,149.36,93.69,55.67,37.27
SHP-00655,2026-06-22 04:00:00,HUB-SP,Centro-Oeste,R-SP-BH,ViaCargo,Econômico,B2C,8.49,1028.5,2026-06-26 04:00:00,2026-06-25 20:00:00.000000000,-8.0,No prazo,99.69,52.23,47.46,47.61
SHP-00656,2026-06-29 13:00:00,HUB-RJ,Sul,R-SP-BH,Nexo Log,D+1,B2C,16.91,1411.6,2026-06-30 19:00:00,2026-07-01 05:44:41.861152684,10.74,Atraso crítico,125.06,101.41,23.65,18.91
SHP-00657,2026-07-09 19:00:00,HUB-PR,Nordeste,R-SP-BH,RotaSul,D+1,B2C,11.22,1133.6,2026-07-11 01:00:00,2026-07-11 02:59:04.477474129,1.98,Atraso leve,119.46,84.09,35.37,29.61
SHP-00658,2026-06-18 17:00:00,HUB-RJ,Sudeste,R-BH-GO,Atlas Express,Econômico,B2C,23.43,334.6,2026-06-22 17:00:00,2026-06-23 02:34:52.560335096,9.58,Atraso crítico,80.35,55.67,24.68,30.72
SHP-00659,2026-06-23 21:00:00,HUB-BH,Nordeste,R-BH-GO,RotaSul,D+2,B2C,13.45,1304.7,2026-06-26 03:00:00,2026-06-26 04:30:06.715676670,1.5,Atraso leve,115.35,63.51,51.84,44.94
SHP-00660,2026-06-10 13:00:00,HUB-PR,Centro-Oeste,R-SP-RJ,ViaCargo,D+1,B2C,5.17,1043.8,2026-06-11 19:00:00,2026-06-11 18:23:28.883097368,-0.61,No prazo,86.53,42.06,44.47,51.39
SHP-00661,2026-06-30 12:00:00,HUB-GO,Sudeste,R-PR-CO,Atlas Express,D+2,B2C,5.03,1406.7,2026-07-02 18:00:00,2026-07-02 14:43:55.557489639,-3.27,No prazo,118.19,70.45,47.74,40.39
SHP-00662,2026-06-28 05:00:00,HUB-SP,Nordeste,R-SP-BH,Atlas Express,D+2,B2C,2.92,641.1,2026-06-30 11:00:00,2026-06-30 10:58:34.172617074,-0.02,No prazo,66.48,35.0,31.48,47.35
SHP-00663,2026-06-20 05:00:00,HUB-BH,Centro-Oeste,R-SP-RJ,Nexo Log,Econômico,Enterprise,12.26,513.0,2026-06-24 05:00:00,2026-06-23 21:00:00.000000000,-8.0,No prazo,86.88,58.69,28.19,32.45
SHP-00664,2026-06-24 13:00:00,HUB-GO,Nordeste,R-RJ-NE,Atlas Express,Econômico,B2C,3.84,1108.8,2026-06-28 13:00:00,2026-06-28 15:28:05.493764021,2.47,Atraso leve,94.0,66.97,27.03,28.76
SHP-00665,2026-06-04 12:00:00,HUB-BH,Sul,R-SP-BH,RotaSul,D+2,B2C,17.97,763.2,2026-06-06 18:00:00,2026-06-07 04:37:19.574106614,10.62,Atraso crítico,108.22,70.73,37.49,34.64
SHP-00666,2026-07-11 06:00:00,HUB-PR,Centro-Oeste,R-SP-BH,RotaSul,D+2,SMB,13.43,1370.7,2026-07-13 12:00:00,2026-07-14 08:40:39.343895043,20.68,Atraso crítico,121.15,88.46,32.69,26.98
SHP-00667,2026-07-19 04:00:00,HUB-PR,Nordeste,R-SP-PR,Nexo Log,D+2,SMB,2.94,87.0,2026-07-21 10:00:00,2026-07-22 16:30:55.907655846,30.52,Atraso crítico,44.12,30.29,13.83,31.35
SHP-00668,2026-07-05 08:00:00,HUB-GO,Nordeste,R-PR-CO,Nexo Log,D+2,Enterprise,23.38,1423.3,2026-07-07 14:00:00,2026-07-07 18:19:06.176586619,4.32,Atraso leve,143.07,100.73,42.34,29.59
SHP-00669,2026-06-23 01:00:00,HUB-RJ,Nordeste,R-SP-BH,Nexo Log,D+2,B2C,20.38,34.4,2026-06-25 07:00:00,2026-06-24 23:00:00.000000000,-8.0,No prazo,65.66,42.06,23.6,35.94
SHP-00670,2026-06-10 21:00:00,HUB-RJ,Sul,R-SP-RJ,Nexo Log,Econômico,B2C,21.08,1240.2,2026-06-14 21:00:00,2026-06-14 15:33:34.270646826,-5.44,No prazo,123.29,98.7,24.59,19.94
SHP-00671,2026-07-24 13:00:00,HUB-SP,Sudeste,R-BH-GO,ViaCargo,D+2,B2C,18.1,252.0,2026-07-26 19:00:00,2026-07-26 15:35:00.313047291,-3.42,No prazo,73.98,53.92,20.06,27.12
SHP-00672,2026-06-12 00:00:00,HUB-GO,Sudeste,R-SP-RJ,RotaSul,D+1,B2C,1.26,363.0,2026-06-13 06:00:00,2026-06-13 10:55:40.898430766,4.93,Atraso leve,44.92,36.83,8.09,18.01
SHP-00673,2026-06-02 00:00:00,HUB-RJ,Sul,R-BH-GO,RotaSul,Same Day,B2C,16.97,95.3,2026-06-02 12:00:00,2026-06-03 08:52:59.996068977,20.88,Atraso crítico,62.7,33.76,28.94,46.16
SHP-00674,2026-07-30 19:00:00,HUB-PR,Sul,R-PR-CO,ViaCargo,D+2,B2C,6.07,1477.9,2026-08-02 01:00:00,2026-08-01 23:17:12.195882971,-1.71,No prazo,119.77,68.03,51.74,43.2
SHP-00675,2026-06-04 08:00:00,HUB-GO,Sul,R-BH-GO,RotaSul,D+2,SMB,5.92,1346.2,2026-06-06 14:00:00,2026-06-06 15:10:02.865726735,1.17,Atraso leve,101.25,54.11,47.14,46.56
SHP-00676,2026-07-23 01:00:00,HUB-GO,Centro-Oeste,R-BH-GO,Atlas Express,D+1,B2C,10.97,574.1,2026-07-24 07:00:00,2026-07-24 15:17:41.847497827,8.29,Atraso crítico,69.37,55.57,13.8,19.89
SHP-00677,2026-07-14 07:00:00,HUB-PR,Centro-Oeste,R-BH-GO,ViaCargo,D+2,B2C,16.84,859.0,2026-07-16 13:00:00,2026-07-16 08:57:53.187398553,-4.04,No prazo,109.38,75.05,34.33,31.39
SHP-00678,2026-07-25 03:00:00,HUB-PR,Sul,R-PR-CO,ViaCargo,D+1,B2C,23.04,1315.9,2026-07-26 09:00:00,2026-07-26 09:31:03.569449873,0.52,Atraso leve,145.2,106.69,38.51,26.52
SHP-00679,2026-07-15 19:00:00,HUB-SP,Nordeste,R-SP-BH,ViaCargo,Same Day,Enterprise,12.43,417.8,2026-07-16 07:00:00,2026-07-15 23:00:00.000000000,-8.0,No prazo,77.91,48.92,28.99,37.21
SHP-00680,2026-07-23 01:00:00,HUB-RJ,Nordeste,R-RJ-NE,RotaSul,D+1,B2C,2.42,639.6,2026-07-24 07:00:00,2026-07-24 11:51:56.153723115,4.87,Atraso leve,54.21,28.13,26.08,48.11
SHP-00681,2026-07-20 17:00:00,HUB-PR,Nordeste,R-RJ-NE,Atlas Express,Same Day,B2C,2.78,31.0,2026-07-21 05:00:00,2026-07-21 07:05:57.187129567,2.1,Atraso leve,38.88,22.05,16.83,43.29
SHP-00682,2026-06-14 12:00:00,HUB-SP,Sul,R-RJ-NE,RotaSul,Econômico,B2C,20.47,403.1,2026-06-18 12:00:00,2026-06-18 16:47:06.969150352,4.79,Atraso leve,81.74,61.7,20.04,24.52
SHP-00683,2026-06-02 02:00:00,HUB-RJ,Nordeste,R-SP-PR,ViaCargo,Same Day,SMB,14.08,334.5,2026-06-02 14:00:00,2026-06-02 22:36:08.616735703,8.6,Atraso crítico,76.64,54.44,22.2,28.97
SHP-00684,2026-07-09 18:00:00,HUB-PR,Sul,R-SP-BH,RotaSul,D+2,SMB,3.1,1128.4,2026-07-12 00:00:00,2026-07-12 03:16:24.601063879,3.27,Atraso leve,101.81,62.23,39.58,38.88
SHP-00685,2026-07-06 21:00:00,HUB-PR,Centro-Oeste,R-SP-BH,Atlas Express,D+1,Enterprise,1.91,55.7,2026-07-08 03:00:00,2026-07-08 01:43:34.952414043,-1.27,No prazo,43.62,25.55,18.07,41.43
SHP-00686,2026-06-07 05:00:00,HUB-BH,Sul,R-BH-GO,Nexo Log,D+2,B2C,9.17,965.7,2026-06-09 11:00:00,2026-06-09 09:01:18.986168456,-1.98,No prazo,108.5,81.15,27.35,25.21
SHP-00687,2026-07-14 05:00:00,HUB-GO,Nordeste,R-PR-CO,ViaCargo,D+1,B2C,17.23,1292.9,2026-07-15 11:00:00,2026-07-16 01:50:25.462401927,14.84,Atraso crítico,129.77,70.78,58.99,45.46
SHP-00688,2026-06-16 13:00:00,HUB-BH,Sul,R-BH-GO,RotaSul,D+1,B2C,16.46,232.5,2026-06-17 19:00:00,2026-06-17 14:55:58.145548158,-4.07,No prazo,68.95,54.0,14.95,21.68
SHP-00689,2026-07-06 11:00:00,HUB-BH,Centro-Oeste,R-BH-GO,Atlas Express,Econômico,B2C,5.5,574.2,2026-07-10 11:00:00,2026-07-10 22:23:15.051643054,11.39,Atraso crítico,79.58,62.17,17.41,21.88
SHP-00690,2026-07-20 17:00:00,HUB-SP,Sudeste,R-RJ-NE,ViaCargo,D+2,SMB,19.67,738.2,2026-07-22 23:00:00,2026-07-22 15:00:00.000000000,-8.0,No prazo,98.96,59.04,39.92,40.34
SHP-00691,2026-07-05 13:00:00,HUB-RJ,Centro-Oeste,R-BH-GO,RotaSul,D+1,B2C,3.11,741.7,2026-07-06 19:00:00,2026-07-06 17:56:10.110302905,-1.06,No prazo,73.06,39.21,33.85,46.33
SHP-00692,2026-07-30 00:00:00,HUB-SP,Centro-Oeste,R-SP-RJ,ViaCargo,D+1,SMB,7.61,1014.1,2026-07-31 06:00:00,2026-07-30 22:00:00.000000000,-8.0,No prazo,99.9,76.46,23.44,23.46
SHP-00693,2026-07-02 18:00:00,HUB-GO,Sul,R-BH-GO,Atlas Express,D+1,B2C,10.16,220.0,2026-07-04 00:00:00,2026-07-03 21:43:16.490619413,-2.28,No prazo,56.0,34.29,21.71,38.77
SHP-00694,2026-06-23 23:00:00,HUB-BH,Centro-Oeste,R-SP-RJ,ViaCargo,D+2,B2C,13.12,1368.7,2026-06-26 05:00:00,2026-06-25 21:42:03.477083637,-7.3,No prazo,134.1,68.85,65.25,48.66
SHP-00695,2026-07-26 05:00:00,HUB-RJ,Sul,R-BH-GO,RotaSul,D+2,B2C,8.82,111.1,2026-07-28 11:00:00,2026-07-28 03:00:00.000000000,-8.0,No prazo,37.08,18.99,18.09,48.79
SHP-00696,2026-07-07 03:00:00,HUB-BH,Sudeste,R-RJ-NE,Nexo Log,D+2,SMB,0.6,444.5,2026-07-09 09:00:00,2026-07-09 22:08:04.176811300,13.13,Atraso crítico,59.02,46.59,12.43,21.06
SHP-00697,2026-06-18 19:00:00,HUB-GO,Sudeste,R-PR-CO,ViaCargo,D+1,SMB,14.27,1457.1,2026-06-20 01:00:00,2026-06-20 01:30:28.246248923,0.51,Atraso leve,138.2,81.24,56.96,41.22
SHP-00698,2026-06-03 21:00:00,HUB-GO,Sul,R-SP-PR,RotaSul,D+2,B2C,8.49,939.0,2026-06-06 03:00:00,2026-06-06 03:29:20.581228403,0.49,Atraso leve,93.4,75.86,17.54,18.78
SHP-00699,2026-07-21 01:00:00,HUB-RJ,Sul,R-SP-PR,Nexo Log,D+2,B2C,9.26,623.9,2026-07-23 07:00:00,2026-07-24 00:36:12.180791898,17.6,Atraso crítico,81.33,44.79,36.54,44.93
SHP-00700,2026-07-14 14:00:00,HUB-PR,Sudeste,R-RJ-NE,ViaCargo,D+2,B2C,9.12,533.4,2026-07-16 20:00:00,2026-07-16 20:46:11.657665686,0.77,Atraso leve,78.52,53.22,25.3,32.22
SHP-00701,2026-07-01 17:00:00,HUB-SP,Centro-Oeste,R-RJ-NE,ViaCargo,D+1,SMB,9.89,1067.4,2026-07-02 23:00:00,2026-07-02 23:10:08.360583142,0.17,Atraso leve,103.83,63.24,40.59,39.09
SHP-00702,2026-06-10 17:00:00,HUB-GO,Centro-Oeste,R-SP-RJ,RotaSul,D+2,B2C,18.96,281.2,2026-06-12 23:00:00,2026-06-12 19:27:41.729162247,-3.54,No prazo,72.63,43.21,29.42,40.51
SHP-00703,2026-06-25 02:00:00,HUB-BH,Sudeste,R-SP-BH,Atlas Express,D+2,B2C,23.26,1058.3,2026-06-27 08:00:00,2026-06-27 13:36:26.365581264,5.61,Atraso leve,139.82,90.4,49.42,35.35
SHP-00704,2026-06-08 15:00:00,HUB-SP,Centro-Oeste,R-RJ-NE,ViaCargo,D+2,Enterprise,14.96,1195.3,2026-06-10 21:00:00,2026-06-10 21:55:20.895383097,0.92,Atraso leve,120.51,83.18,37.33,30.98
SHP-00705,2026-06-17 10:00:00,HUB-RJ,Sudeste,R-SP-PR,Atlas Express,D+1,B2C,23.6,1434.8,2026-06-18 16:00:00,2026-06-18 08:00:00.000000000,-8.0,No prazo,155.32,126.86,28.46,18.32
SHP-00706,2026-07-09 10:00:00,HUB-SP,Centro-Oeste,R-RJ-NE,Atlas Express,D+2,B2C,10.14,334.9,2026-07-11 16:00:00,2026-07-11 08:00:00.000000000,-8.0,No prazo,75.52,61.81,13.71,18.15
SHP-00707,2026-06-29 03:00:00,HUB-SP,Sul,R-SP-PR,ViaCargo,D+1,B2C,8.01,355.8,2026-06-30 09:00:00,2026-06-30 14:45:02.713549549,5.75,Atraso leve,51.59,28.58,23.01,44.6
SHP-00708,2026-06-15 06:00:00,HUB-BH,Sul,R-SP-PR,RotaSul,D+1,B2C,12.52,83.8,2026-06-16 12:00:00,2026-06-16 06:43:56.033998603,-5.27,No prazo,58.61,39.36,19.25,32.84
SHP-00709,2026-06-20 10:00:00,HUB-SP,Sudeste,R-SP-PR,RotaSul,D+1,B2C,0.82,535.3,2026-06-21 16:00:00,2026-06-22 04:30:53.000440562,12.51,Atraso crítico,61.94,32.02,29.92,48.3
SHP-00710,2026-07-01 06:00:00,HUB-GO,Centro-Oeste,R-SP-RJ,ViaCargo,D+1,B2C,22.98,689.6,2026-07-02 12:00:00,2026-07-02 13:22:58.140036383,1.38,Atraso leve,102.19,70.2,31.99,31.3
SHP-00711,2026-06-29 17:00:00,HUB-PR,Sudeste,R-SP-BH,Atlas Express,Same Day,B2C,3.15,1483.2,2026-06-30 05:00:00,2026-06-29 21:00:00.000000000,-8.0,No prazo,101.9,69.77,32.13,31.53
SHP-00712,2026-06-10 12:00:00,HUB-PR,Nordeste,R-RJ-NE,RotaSul,D+2,B2C,11.57,1310.1,2026-06-12 18:00:00,2026-06-12 14:27:17.791341835,-3.55,No prazo,126.67,95.62,31.05,24.51
SHP-00713,2026-06-27 10:00:00,HUB-BH,Centro-Oeste,R-RJ-NE,RotaSul,D+2,B2C,18.04,1418.9,2026-06-29 16:00:00,2026-06-29 15:02:17.466673047,-0.96,No prazo,135.06,94.83,40.23,29.79
SHP-00714,2026-07-15 15:00:00,HUB-PR,Centro-Oeste,R-SP-RJ,RotaSul,D+2,B2C,12.31,544.2,2026-07-17 21:00:00,2026-07-18 03:12:00.684380952,6.2,Atraso leve,71.54,40.68,30.86,43.14
SHP-00715,2026-06-04 04:00:00,HUB-BH,Centro-Oeste,R-PR-CO,ViaCargo,D+1,B2C,16.79,1035.7,2026-06-05 10:00:00,2026-06-05 06:06:25.184422348,-3.89,No prazo,120.52,94.96,25.56,21.21
SHP-00716,2026-07-05 16:00:00,HUB-PR,Nordeste,R-SP-BH,RotaSul,D+1,B2C,13.26,960.6,2026-07-06 22:00:00,2026-07-06 14:00:00.000000000,-8.0,No prazo,101.58,75.49,26.09,25.68
SHP-00717,2026-07-29 19:00:00,HUB-GO,Centro-Oeste,R-RJ-NE,Nexo Log,Econômico,B2C,3.04,1016.7,2026-08-02 19:00:00,2026-08-02 17:30:23.812043673,-1.49,No prazo,93.61,60.12,33.49,35.78
SHP-00718,2026-07-29 06:00:00,HUB-GO,Sul,R-SP-BH,RotaSul,D+1,B2C,4.38,928.6,2026-07-30 12:00:00,2026-07-30 07:17:23.957031156,-4.71,No prazo,83.3,42.7,40.6,48.74
SHP-00719,2026-07-22 08:00:00,HUB-GO,Centro-Oeste,R-SP-BH,Nexo Log,D+2,SMB,8.81,409.3,2026-07-24 14:00:00,2026-07-24 14:41:28.958417411,0.69,Atraso leve,77.02,51.67,25.35,32.91
SHP-00720,2026-07-17 16:00:00,HUB-PR,Sudeste,R-RJ-NE,Nexo Log,D+1,B2C,23.26,1545.4,2026-07-18 22:00:00,2026-07-19 04:18:17.439941800,6.3,Atraso leve,150.05,111.13,38.92,25.94
SHP-00721,2026-07-19 08:00:00,HUB-BH,Sudeste,R-SP-RJ,ViaCargo,Same Day,B2C,6.33,1452.5,2026-07-19 20:00:00,2026-07-21 06:15:39.702011596,34.26,Atraso crítico,118.89,89.28,29.61,24.91
SHP-00722,2026-06-08 22:00:00,HUB-PR,Sul,R-BH-GO,Nexo Log,Econômico,SMB,21.66,963.9,2026-06-12 22:00:00,2026-06-13 08:05:01.429746235,10.08,Atraso crítico,121.38,95.0,26.38,21.73
SHP-00723,2026-06-08 09:00:00,HUB-BH,Centro-Oeste,R-SP-RJ,Nexo Log,Same Day,B2C,23.44,23.7,2026-06-08 21:00:00,2026-06-09 05:29:07.605814559,8.49,Atraso crítico,77.8,43.78,34.02,43.73
SHP-00724,2026-06-05 16:00:00,HUB-SP,Sudeste,R-BH-GO,Nexo Log,Same Day,B2C,23.68,1567.9,2026-06-06 04:00:00,2026-06-07 04:02:44.244624499,24.05,Atraso crítico,153.67,98.98,54.69,35.59
SHP-00725,2026-07-30 06:00:00,HUB-PR,Sudeste,R-PR-CO,RotaSul,Same Day,SMB,3.15,278.3,2026-07-30 18:00:00,2026-07-31 09:43:04.458235456,15.72,Atraso crítico,50.93,26.23,24.7,48.5
SHP-00726,2026-06-13 20:00:00,HUB-PR,Sudeste,R-SP-RJ,Atlas Express,Econômico,B2C,2.23,382.8,2026-06-17 20:00:00,2026-06-17 20:51:37.082267204,0.86,Atraso leve,63.34,51.13,12.21,19.28
SHP-00727,2026-06-26 05:00:00,HUB-GO,Nordeste,R-BH-GO,RotaSul,D+1,B2C,8.99,695.6,2026-06-27 11:00:00,2026-06-27 03:00:00.000000000,-8.0,No prazo,72.45,44.21,28.24,38.98
SHP-00728,2026-06-14 12:00:00,HUB-BH,Sul,R-SP-BH,Atlas Express,D+2,B2C,0.49,448.2,2026-06-16 18:00:00,2026-06-17 04:44:47.970708191,10.75,Atraso crítico,41.14,25.02,16.12,39.18
SHP-00729,2026-07-02 13:00:00,HUB-SP,Centro-Oeste,R-PR-CO,Atlas Express,D+1,B2C,5.37,496.2,2026-07-03 19:00:00,2026-07-03 11:29:54.744780683,-7.5,No prazo,64.73,48.6,16.13,24.92
SHP-00730,2026-07-11 04:00:00,HUB-SP,Sul,R-SP-PR,ViaCargo,Econômico,SMB,19.46,1344.6,2026-07-15 04:00:00,2026-07-16 00:44:51.175407007,20.75,Atraso crítico,144.79,87.72,57.07,39.42
SHP-00731,2026-06-14 00:00:00,HUB-GO,Sul,R-SP-BH,RotaSul,D+1,B2C,13.86,1341.6,2026-06-15 06:00:00,2026-06-15 04:48:18.682974113,-1.19,No prazo,133.34,94.66,38.68,29.01
SHP-00732,2026-06-30 00:00:00,HUB-RJ,Nordeste,R-SP-RJ,Atlas Express,D+1,B2C,8.28,420.9,2026-07-01 06:00:00,2026-07-01 05:43:48.026048700,-0.27,No prazo,67.18,33.67,33.51,49.88
SHP-00733,2026-07-28 11:00:00,HUB-SP,Sul,R-BH-GO,RotaSul,D+2,SMB,23.0,941.3,2026-07-30 17:00:00,2026-07-30 13:52:12.458441562,-3.13,No prazo,126.44,83.54,42.9,33.93
SHP-00734,2026-06-10 02:00:00,HUB-PR,Nordeste,R-SP-PR,Atlas Express,D+1,B2C,15.71,647.7,2026-06-11 08:00:00,2026-06-12 03:23:57.764024426,19.4,Atraso crítico,79.65,64.11,15.54,19.51
SHP-00735,2026-07-29 17:00:00,HUB-GO,Sul,R-PR-CO,ViaCargo,D+1,B2C,7.45,729.1,2026-07-30 23:00:00,2026-07-30 21:45:34.070464252,-1.24,No prazo,84.89,44.52,40.37,47.56
SHP-00736,2026-07-22 07:00:00,HUB-SP,Sul,R-BH-GO,Atlas Express,D+2,B2C,17.13,262.6,2026-07-24 13:00:00,2026-07-24 17:30:09.507373094,4.5,Atraso leve,71.54,51.68,19.86,27.76
SHP-00737,2026-07-18 18:00:00,HUB-SP,Sul,R-PR-CO,RotaSul,D+2,B2C,17.53,967.4,2026-07-21 00:00:00,2026-07-20 16:00:00.000000000,-8.0,No prazo,114.48,83.55,30.93,27.02
SHP-00738,2026-07-17 01:00:00,HUB-PR,Sul,R-SP-RJ,ViaCargo,Econômico,B2C,22.92,321.0,2026-07-21 01:00:00,2026-07-20 17:00:33.593986072,-7.99,No prazo,79.34,53.9,25.44,32.06
SHP-00739,2026-06-26 18:00:00,HUB-SP,Sul,R-RJ-NE,RotaSul,Econômico,SMB,4.88,862.3,2026-06-30 18:00:00,2026-07-01 02:03:57.121763489,8.07,Atraso crítico,71.25,46.4,24.85,34.88
SHP-00740,2026-07-14 07:00:00,HUB-RJ,Sudeste,R-PR-CO,Atlas Express,D+2,B2C,2.95,1557.3,2026-07-16 13:00:00,2026-07-16 12:55:46.561085460,-0.07,No prazo,128.31,75.77,52.54,40.95
SHP-00741,2026-06-24 08:00:00,HUB-RJ,Sudeste,R-RJ-NE,Atlas Express,D+1,B2C,6.4,530.0,2026-06-25 14:00:00,2026-06-25 12:15:37.146516483,-1.74,No prazo,59.39,41.81,17.58,29.6
SHP-00742,2026-06-25 10:00:00,HUB-BH,Sul,R-SP-RJ,ViaCargo,D+2,B2C,22.95,222.1,2026-06-27 16:00:00,2026-06-27 12:23:47.609303111,-3.6,No prazo,91.92,66.15,25.77,28.04
SHP-00743,2026-06-22 03:00:00,HUB-BH,Nordeste,R-SP-PR,ViaCargo,Same Day,B2C,9.78,876.9,2026-06-22 15:00:00,2026-06-23 07:55:21.950233698,16.92,Atraso crítico,81.81,44.1,37.71,46.09
SHP-00744,2026-07-07 15:00:00,HUB-PR,Nordeste,R-PR-CO,Nexo Log,D+2,B2C,19.6,123.2,2026-07-09 21:00:00,2026-07-09 23:56:42.622946733,2.95,Atraso leve,75.29,54.46,20.83,27.67
SHP-00745,2026-06-16 09:00:00,HUB-SP,Centro-Oeste,R-SP-BH,ViaCargo,D+1,Enterprise,15.89,181.5,2026-06-17 15:00:00,2026-06-17 21:28:17.891098666,6.47,Atraso leve,54.85,32.28,22.57,41.15
SHP-00746,2026-06-09 09:00:00,HUB-RJ,Nordeste,R-SP-RJ,Atlas Express,D+1,B2C,9.1,975.3,2026-06-10 15:00:00,2026-06-10 17:02:28.107557069,2.04,Atraso leve,104.47,63.1,41.37,39.6
SHP-00747,2026-06-23 17:00:00,HUB-SP,Sul,R-PR-CO,RotaSul,D+2,SMB,19.72,752.7,2026-06-25 23:00:00,2026-06-26 04:29:41.872975888,5.49,Atraso leve,117.54,91.55,25.99,22.11
SHP-00748,2026-07-13 11:00:00,HUB-BH,Centro-Oeste,R-BH-GO,Nexo Log,D+2,Enterprise,20.51,983.2,2026-07-15 17:00:00,2026-07-15 10:35:20.892764463,-6.41,No prazo,120.49,59.84,60.65,50.34
SHP-00749,2026-07-25 01:00:00,HUB-PR,Nordeste,R-RJ-NE,RotaSul,Same Day,B2C,13.21,50.5,2026-07-25 13:00:00,2026-07-25 22:20:26.448503327,9.34,Atraso crítico,55.94,27.89,28.05,50.14
SHP-00750,2026-07-20 20:00:00,HUB-RJ,Sul,R-RJ-NE,ViaCargo,Econômico,B2C,22.06,48.4,2026-07-24 20:00:00,2026-07-24 21:23:37.548871383,1.39,Atraso leve,64.55,46.57,17.98,27.85
SHP-00751,2026-06-22 15:00:00,HUB-BH,Centro-Oeste,R-BH-GO,Atlas Express,D+2,SMB,2.24,265.8,2026-06-24 21:00:00,2026-06-25 01:54:12.073323629,4.9,Atraso leve,36.2,28.85,7.35,20.3
SHP-00752,2026-07-14 08:00:00,HUB-BH,Nordeste,R-SP-BH,Atlas Express,Same Day,Enterprise,8.97,438.3,2026-07-14 20:00:00,2026-07-14 23:32:58.750412874,3.55,Atraso leve,75.87,40.14,35.73,47.09
SHP-00753,2026-07-09 17:00:00,HUB-PR,Nordeste,R-RJ-NE,RotaSul,Same Day,B2C,11.06,1060.6,2026-07-10 05:00:00,2026-07-10 03:16:34.349146325,-1.72,No prazo,115.32,74.06,41.26,35.78
SHP-00754,2026-07-09 20:00:00,HUB-PR,Nordeste,R-RJ-NE,Atlas Express,Same Day,B2C,9.59,628.1,2026-07-10 08:00:00,2026-07-11 08:22:10.283050424,24.37,Atraso crítico,73.77,45.51,28.26,38.31
SHP-00755,2026-07-06 06:00:00,HUB-SP,Nordeste,R-SP-BH,Atlas Express,Econômico,SMB,7.98,90.3,2026-07-10 06:00:00,2026-07-10 03:50:30.614476544,-2.16,No prazo,35.05,21.51,13.54,38.63
SHP-00756,2026-06-28 18:00:00,HUB-GO,Sul,R-SP-RJ,RotaSul,D+1,B2C,6.79,690.8,2026-06-30 00:00:00,2026-06-30 18:00:53.220380826,18.01,Atraso crítico,70.18,54.82,15.36,21.89
SHP-00757,2026-07-05 00:00:00,HUB-SP,Centro-Oeste,R-SP-PR,ViaCargo,Econômico,B2C,3.35,1444.5,2026-07-09 00:00:00,2026-07-09 10:45:14.160228183,10.75,Atraso crítico,113.48,72.01,41.47,36.54
SHP-00758,2026-06-30 13:00:00,HUB-RJ,Centro-Oeste,R-SP-RJ,RotaSul,D+2,B2C,6.49,221.2,2026-07-02 19:00:00,2026-07-03 10:41:47.480755216,15.7,Atraso crítico,39.42,21.03,18.39,46.65
SHP-00759,2026-06-08 06:00:00,HUB-GO,Centro-Oeste,R-SP-PR,RotaSul,D+1,SMB,6.77,1054.6,2026-06-09 12:00:00,2026-06-09 15:38:16.757990140,3.64,Atraso leve,96.85,71.84,25.01,25.82
SHP-00760,2026-06-09 17:00:00,HUB-SP,Nordeste,R-SP-RJ,Atlas Express,D+1,B2C,18.85,1463.4,2026-06-10 23:00:00,2026-06-10 16:04:42.699771451,-6.92,No prazo,153.44,89.21,64.23,41.86
SHP-00761,2026-06-05 12:00:00,HUB-PR,Sudeste,R-RJ-NE,Atlas Express,D+2,Enterprise,22.98,689.9,2026-06-07 18:00:00,2026-06-07 20:27:44.287197031,2.46,Atraso leve,104.37,62.74,41.63,39.89
SHP-00762,2026-06-06 00:00:00,HUB-SP,Sudeste,R-BH-GO,ViaCargo,Same Day,B2C,13.28,218.7,2026-06-06 12:00:00,2026-06-06 15:23:55.904602530,3.4,Atraso leve,52.12,28.99,23.13,44.38
SHP-00763,2026-06-09 05:00:00,HUB-GO,Nordeste,R-SP-BH,ViaCargo,D+2,B2C,9.48,521.3,2026-06-11 11:00:00,2026-06-11 18:39:23.957456094,7.66,Atraso leve,85.68,63.54,22.14,25.84
SHP-00764,2026-07-25 03:00:00,HUB-BH,Sudeste,R-RJ-NE,Nexo Log,D+1,B2C,0.53,1535.6,2026-07-26 09:00:00,2026-07-27 16:19:17.841176150,31.32,Atraso crítico,113.85,77.45,36.4,31.97
SHP-00765,2026-06-10 20:00:00,HUB-RJ,Nordeste,R-BH-GO,RotaSul,D+2,B2C,21.09,746.4,2026-06-13 02:00:00,2026-06-12 19:19:13.335698519,-6.68,No prazo,97.53,50.32,47.21,48.41
SHP-00766,2026-06-13 14:00:00,HUB-PR,Sul,R-SP-RJ,Atlas Express,D+2,B2C,23.83,271.0,2026-06-15 20:00:00,2026-06-15 13:04:45.924236156,-6.92,No prazo,89.16,70.96,18.2,20.41
SHP-00767,2026-07-15 06:00:00,HUB-GO,Sudeste,R-RJ-NE,RotaSul,D+1,SMB,2.33,582.0,2026-07-16 12:00:00,2026-07-16 14:27:17.993266106,2.45,Atraso leve,56.03,44.35,11.68,20.85
SHP-00768,2026-06-27 07:00:00,HUB-SP,Centro-Oeste,R-RJ-NE,Atlas Express,D+2,B2C,15.76,1033.0,2026-06-29 13:00:00,2026-06-29 20:20:36.777963597,7.34,Atraso leve,110.0,70.48,39.52,35.93
SHP-00769,2026-07-09 13:00:00,HUB-SP,Centro-Oeste,R-SP-BH,Nexo Log,D+1,B2C,13.02,1173.9,2026-07-10 19:00:00,2026-07-10 18:31:14.323847055,-0.48,No prazo,123.47,64.03,59.44,48.14
SHP-00770,2026-07-28 14:00:00,HUB-SP,Centro-Oeste,R-RJ-NE,ViaCargo,D+2,B2C,22.88,20.5,2026-07-30 20:00:00,2026-07-30 18:13:54.505421694,-1.77,No prazo,63.91,34.59,29.32,45.88
SHP-00771,2026-06-21 14:00:00,HUB-RJ,Sul,R-SP-BH,ViaCargo,Econômico,Enterprise,9.42,841.4,2026-06-25 14:00:00,2026-06-25 13:46:32.582684806,-0.22,No prazo,90.17,51.7,38.47,42.66
SHP-00772,2026-06-28 21:00:00,HUB-GO,Sudeste,R-SP-BH,Nexo Log,D+2,B2C,18.5,480.3,2026-07-01 03:00:00,2026-07-01 08:50:37.470182917,5.84,Atraso leve,95.33,54.32,41.01,43.02
SHP-00773,2026-06-12 11:00:00,HUB-RJ,Nordeste,R-PR-CO,Atlas Express,Econômico,B2C,21.59,1193.9,2026-06-16 11:00:00,2026-06-16 14:23:27.337574519,3.39,Atraso leve,129.0,83.95,45.05,34.92
SHP-00774,2026-06-07 17:00:00,HUB-PR,Centro-Oeste,R-BH-GO,Atlas Express,D+2,B2C,10.76,859.1,2026-06-09 23:00:00,2026-06-10 13:58:31.215506264,14.98,Atraso crítico,100.09,80.86,19.23,19.21
SHP-00775,2026-06-03 02:00:00,HUB-PR,Centro-Oeste,R-BH-GO,RotaSul,D+2,B2C,16.82,1150.4,2026-06-05 08:00:00,2026-06-05 06:30:50.825577252,-1.49,No prazo,122.04,94.7,27.34,22.4
SHP-00776,2026-06-04 19:00:00,HUB-SP,Centro-Oeste,R-PR-CO,RotaSul,Same Day,SMB,11.2,279.5,2026-06-05 07:00:00,2026-06-05 14:48:12.965957008,7.8,Atraso leve,55.38,30.92,24.46,44.17
SHP-00777,2026-07-14 04:00:00,HUB-PR,Sudeste,R-SP-PR,ViaCargo,D+1,B2C,9.51,87.2,2026-07-15 10:00:00,2026-07-16 06:22:23.911340323,20.37,Atraso crítico,45.21,40.13,5.08,11.24
SHP-00778,2026-06-06 11:00:00,HUB-GO,Centro-Oeste,R-SP-PR,RotaSul,D+1,B2C,15.63,1562.2,2026-06-07 17:00:00,2026-06-07 15:08:33.313442519,-1.86,No prazo,143.39,83.71,59.68,41.62
SHP-00779,2026-06-18 06:00:00,HUB-RJ,Nordeste,R-SP-RJ,Nexo Log,Same Day,B2C,7.3,365.5,2026-06-18 18:00:00,2026-06-19 01:15:21.858670652,7.26,Atraso leve,65.05,51.56,13.49,20.74
SHP-00780,2026-07-11 12:00:00,HUB-GO,Nordeste,R-SP-BH,ViaCargo,Econômico,B2C,7.18,205.7,2026-07-15 12:00:00,2026-07-15 13:10:30.585715068,1.18,Atraso leve,49.95,29.0,20.95,41.94
SHP-00781,2026-07-10 21:00:00,HUB-BH,Nordeste,R-BH-GO,Atlas Express,Econômico,Enterprise,22.81,134.9,2026-07-14 21:00:00,2026-07-14 13:00:00.000000000,-8.0,No prazo,73.74,35.61,38.13,51.71
SHP-00782,2026-07-10 06:00:00,HUB-SP,Nordeste,R-RJ-NE,RotaSul,Same Day,B2C,6.35,1357.4,2026-07-10 18:00:00,2026-07-10 12:55:20.964644552,-5.08,No prazo,104.74,78.43,26.31,25.12
SHP-00783,2026-06-02 19:00:00,HUB-PR,Centro-Oeste,R-SP-RJ,RotaSul,Econômico,SMB,9.03,1450.6,2026-06-06 19:00:00,2026-06-06 11:00:00.000000000,-8.0,No prazo,131.47,99.37,32.1,24.42
SHP-00784,2026-06-27 14:00:00,HUB-PR,Centro-Oeste,R-BH-GO,RotaSul,D+1,SMB,14.48,1597.1,2026-06-28 20:00:00,2026-06-28 15:01:44.351266076,-4.97,No prazo,153.96,100.74,53.22,34.57
SHP-00785,2026-06-02 05:00:00,HUB-SP,Sudeste,R-PR-CO,RotaSul,D+2,B2C,21.54,1232.8,2026-06-04 11:00:00,2026-06-04 09:49:19.928581537,-1.18,No prazo,141.28,99.9,41.38,29.29
SHP-00786,2026-06-20 14:00:00,HUB-RJ,Centro-Oeste,R-SP-PR,Nexo Log,Econômico,B2C,17.48,1353.6,2026-06-24 14:00:00,2026-06-25 01:30:34.251222022,11.51,Atraso crítico,129.67,94.95,34.72,26.78
SHP-00787,2026-07-30 11:00:00,HUB-SP,Nordeste,R-SP-PR,Nexo Log,Same Day,B2C,1.36,1343.7,2026-07-30 23:00:00,2026-07-31 18:46:39.502242040,19.78,Atraso crítico,103.22,81.6,21.62,20.95
SHP-00788,2026-07-25 08:00:00,HUB-BH,Nordeste,R-RJ-NE,ViaCargo,Same Day,B2C,13.83,606.1,2026-07-25 20:00:00,2026-07-26 22:04:26.076990016,26.07,Atraso crítico,74.38,58.84,15.54,20.89
SHP-00789,2026-06-06 06:00:00,HUB-RJ,Sul,R-SP-BH,ViaCargo,Same Day,B2C,16.87,1314.4,2026-06-06 18:00:00,2026-06-06 16:11:52.456959051,-1.8,No prazo,123.9,81.72,42.18,34.04
SHP-00790,2026-06-20 06:00:00,HUB-PR,Nordeste,R-SP-BH,ViaCargo,D+2,Enterprise,3.59,888.4,2026-06-22 12:00:00,2026-06-22 19:31:10.538402458,7.52,Atraso leve,80.25,65.57,14.68,18.29
SHP-00791,2026-06-29 17:00:00,HUB-PR,Nordeste,R-SP-RJ,RotaSul,D+2,B2C,15.25,826.0,2026-07-01 23:00:00,2026-07-02 03:50:40.020052001,4.84,Atraso leve,113.21,61.03,52.18,46.09
SHP-00792,2026-06-23 07:00:00,HUB-BH,Sul,R-SP-RJ,RotaSul,D+2,B2C,23.14,1459.7,2026-06-25 13:00:00,2026-06-25 05:02:00.188408418,-7.97,No prazo,162.56,133.13,29.43,18.1
SHP-00793,2026-07-02 18:00:00,HUB-PR,Nordeste,R-PR-CO,Nexo Log,Same Day,B2C,16.22,607.9,2026-07-03 06:00:00,2026-07-03 02:18:39.579221629,-3.69,No prazo,87.47,42.93,44.54,50.92
SHP-00794,2026-07-01 02:00:00,HUB-RJ,Sul,R-SP-PR,Nexo Log,D+1,B2C,7.76,1330.9,2026-07-02 08:00:00,2026-07-02 12:30:31.728491796,4.51,Atraso leve,104.74,70.84,33.9,32.37
SHP-00795,2026-07-30 16:00:00,HUB-SP,Sul,R-BH-GO,ViaCargo,D+2,SMB,4.51,748.9,2026-08-01 22:00:00,2026-08-02 03:40:50.333283671,5.68,Atraso leve,73.08,51.63,21.45,29.35
SHP-00796,2026-07-01 19:00:00,HUB-RJ,Sudeste,R-SP-BH,RotaSul,D+1,B2C,1.28,870.8,2026-07-03 01:00:00,2026-07-02 20:55:16.549838176,-4.08,No prazo,85.09,63.1,21.99,25.84
SHP-00797,2026-07-05 06:00:00,HUB-BH,Sul,R-PR-CO,ViaCargo,Same Day,B2C,9.56,201.8,2026-07-05 18:00:00,2026-07-05 16:14:13.864015519,-1.76,No prazo,49.91,34.14,15.77,31.6
SHP-00798,2026-07-22 15:00:00,HUB-RJ,Centro-Oeste,R-SP-RJ,Atlas Express,D+1,B2C,19.8,643.7,2026-07-23 21:00:00,2026-07-24 01:16:52.379740842,4.28,Atraso leve,105.48,66.42,39.06,37.03
SHP-00799,2026-07-03 21:00:00,HUB-BH,Nordeste,R-BH-GO,Nexo Log,D+2,SMB,18.93,938.7,2026-07-06 03:00:00,2026-07-06 08:31:30.632507945,5.53,Atraso leve,115.12,80.49,34.63,30.08
SHP-00800,2026-07-25 21:00:00,HUB-RJ,Sudeste,R-RJ-NE,ViaCargo,Econômico,B2C,20.4,687.8,2026-07-29 21:00:00,2026-07-30 03:47:22.279259625,6.79,Atraso leve,113.31,59.03,54.28,47.9
SHP-00801,2026-06-28 12:00:00,HUB-PR,Nordeste,R-BH-GO,Nexo Log,D+1,Enterprise,6.89,1021.2,2026-06-29 18:00:00,2026-06-29 19:37:23.009938443,1.62,Atraso leve,83.36,60.63,22.73,27.27
SHP-00802,2026-06-16 12:00:00,HUB-SP,Sudeste,R-SP-PR,Atlas Express,D+2,SMB,2.3,1524.9,2026-06-18 18:00:00,2026-06-18 10:00:00.000000000,-8.0,No prazo,119.34,74.63,44.71,37.46
SHP-00803,2026-07-11 01:00:00,HUB-SP,Nordeste,R-SP-BH,Atlas Express,D+2,SMB,12.22,368.4,2026-07-13 07:00:00,2026-07-13 05:14:27.621064227,-1.76,No prazo,66.95,54.11,12.84,19.18
SHP-00804,2026-06-18 22:00:00,HUB-RJ,Sul,R-PR-CO,Nexo Log,D+2,B2C,12.11,295.3,2026-06-21 04:00:00,2026-06-20 20:00:00.000000000,-8.0,No prazo,63.57,44.23,19.34,30.42
SHP-00805,2026-07-24 13:00:00,HUB-SP,Sul,R-PR-CO,ViaCargo,D+1,SMB,19.34,576.4,2026-07-25 19:00:00,2026-07-26 04:17:21.082031210,9.29,Atraso crítico,94.53,52.54,41.99,44.42
SHP-00806,2026-06-12 22:00:00,HUB-GO,Nordeste,R-SP-BH,Atlas Express,D+1,B2C,3.36,948.2,2026-06-14 04:00:00,2026-06-14 08:34:35.833013470,4.58,Atraso leve,90.08,50.92,39.16,43.47
SHP-00807,2026-06-01 20:00:00,HUB-RJ,Nordeste,R-BH-GO,Nexo Log,D+2,B2C,15.63,931.2,2026-06-04 02:00:00,2026-06-04 19:57:53.466519136,17.96,Atraso crítico,102.85,58.22,44.63,43.39
SHP-00808,2026-06-28 14:00:00,HUB-SP,Sul,R-SP-PR,ViaCargo,D+2,B2C,4.62,1547.9,2026-06-30 20:00:00,2026-07-01 08:49:54.508938645,12.83,Atraso crítico,125.07,63.86,61.21,48.94
SHP-00809,2026-06-27 12:00:00,HUB-RJ,Centro-Oeste,R-SP-PR,RotaSul,D+1,B2C,7.99,1403.8,2026-06-28 18:00:00,2026-06-28 14:51:16.615447025,-3.15,No prazo,113.11,56.98,56.13,49.62
SHP-00810,2026-07-15 17:00:00,HUB-BH,Nordeste,R-SP-RJ,RotaSul,D+1,B2C,5.32,1129.5,2026-07-16 23:00:00,2026-07-17 04:45:10.614717083,5.75,Atraso leve,99.9,76.48,23.42,23.44
SHP-00811,2026-07-18 22:00:00,HUB-RJ,Sudeste,R-RJ-NE,Nexo Log,D+1,B2C,17.84,986.4,2026-07-20 04:00:00,2026-07-19 23:09:20.293991039,-4.84,No prazo,103.12,53.96,49.16,47.67
SHP-00812,2026-07-21 17:00:00,HUB-PR,Nordeste,R-RJ-NE,Atlas Express,D+2,B2C,1.23,429.2,2026-07-23 23:00:00,2026-07-23 15:00:00.000000000,-8.0,No prazo,42.03,27.92,14.11,33.57
SHP-00813,2026-06-04 04:00:00,HUB-BH,Nordeste,R-RJ-NE,Atlas Express,Econômico,B2C,0.9,537.1,2026-06-08 04:00:00,2026-06-08 14:20:24.213587105,10.34,Atraso crítico,62.96,31.5,31.46,49.97
SHP-00814,2026-06-17 15:00:00,HUB-PR,Sul,R-SP-BH,Nexo Log,D+1,B2C,12.94,1458.6,2026-06-18 21:00:00,2026-06-18 23:37:11.314923834,2.62,Atraso leve,121.4,64.45,56.95,46.91
SHP-00815,2026-06-29 03:00:00,HUB-PR,Nordeste,R-BH-GO,ViaCargo,Same Day,B2C,8.74,1003.5,2026-06-29 15:00:00,2026-06-29 10:17:34.555615769,-4.71,No prazo,109.43,77.18,32.25,29.47
SHP-00816,2026-06-19 13:00:00,HUB-GO,Sudeste,R-PR-CO,Nexo Log,D+2,Enterprise,8.82,1575.8,2026-06-21 19:00:00,2026-06-21 22:06:15.576186791,3.1,Atraso leve,120.95,74.96,45.99,38.02
SHP-00817,2026-07-14 10:00:00,HUB-GO,Nordeste,R-PR-CO,RotaSul,Same Day,B2C,15.71,639.9,2026-07-14 22:00:00,2026-07-15 13:21:39.302384641,15.36,Atraso crítico,99.38,67.16,32.22,32.42
SHP-00818,2026-06-26 22:00:00,HUB-BH,Sudeste,R-RJ-NE,Atlas Express,D+1,B2C,16.69,484.2,2026-06-28 04:00:00,2026-06-28 09:45:26.519384634,5.76,Atraso leve,86.28,43.47,42.81,49.62
SHP-00819,2026-06-04 07:00:00,HUB-PR,Sudeste,R-SP-BH,Atlas Express,D+1,B2C,15.02,280.8,2026-06-05 13:00:00,2026-06-05 16:28:33.393940403,3.48,Atraso leve,67.06,47.87,19.19,28.62
SHP-00820,2026-06-14 03:00:00,HUB-GO,Sudeste,R-RJ-NE,RotaSul,D+1,B2C,7.03,1448.4,2026-06-15 09:00:00,2026-06-15 12:00:02.583842894,3.0,Atraso leve,123.4,84.99,38.41,31.13
SHP-00821,2026-07-07 08:00:00,HUB-RJ,Sul,R-PR-CO,RotaSul,D+2,B2C,2.69,1506.6,2026-07-09 14:00:00,2026-07-10 02:51:46.973612288,12.86,Atraso crítico,105.53,59.96,45.57,43.18
SHP-00822,2026-06-16 15:00:00,HUB-GO,Centro-Oeste,R-SP-RJ,Nexo Log,D+1,B2C,20.39,153.3,2026-06-17 21:00:00,2026-06-18 01:55:12.696255229,4.92,Atraso leve,62.25,43.36,18.89,30.35
SHP-00823,2026-07-14 02:00:00,HUB-PR,Nordeste,R-SP-RJ,ViaCargo,D+2,Enterprise,23.01,1446.4,2026-07-16 08:00:00,2026-07-16 06:36:25.657015683,-1.39,No prazo,148.37,91.31,57.06,38.46
SHP-00824,2026-07-21 13:00:00,HUB-PR,Nordeste,R-BH-GO,Atlas Express,Econômico,Enterprise,22.69,1516.2,2026-07-25 13:00:00,2026-07-25 20:24:28.806634213,7.41,Atraso leve,157.16,121.24,35.92,22.86
SHP-00825,2026-06-17 06:00:00,HUB-BH,Sudeste,R-SP-RJ,Atlas Express,Econômico,SMB,3.42,774.4,2026-06-21 06:00:00,2026-06-20 22:00:00.000000000,-8.0,No prazo,68.9,55.37,13.53,19.64
SHP-00826,2026-06-21 14:00:00,HUB-SP,Nordeste,R-SP-PR,ViaCargo,D+1,Enterprise,16.92,879.6,2026-06-22 20:00:00,2026-06-22 12:00:00.000000000,-8.0,No prazo,114.9,87.97,26.93,23.44
SHP-00827,2026-07-04 15:00:00,HUB-SP,Sul,R-RJ-NE,Atlas Express,D+2,B2C,5.93,1225.8,2026-07-06 21:00:00,2026-07-06 22:43:33.834634505,1.73,Atraso leve,110.44,65.44,45.0,40.75
SHP-00828,2026-06-01 09:00:00,HUB-GO,Sudeste,R-SP-BH,RotaSul,D+1,B2C,6.03,787.1,2026-06-02 15:00:00,2026-06-03 03:31:30.154514238,12.53,Atraso crítico,78.42,57.09,21.33,27.2
SHP-00829,2026-06-02 05:00:00,HUB-SP,Centro-Oeste,R-BH-GO,ViaCargo,D+1,SMB,0.23,1387.8,2026-06-03 11:00:00,2026-06-03 21:03:45.520929128,10.06,Atraso crítico,101.49,65.7,35.79,35.26
SHP-00830,2026-06-20 09:00:00,HUB-BH,Centro-Oeste,R-SP-RJ,ViaCargo,D+1,B2C,11.1,1490.9,2026-06-21 15:00:00,2026-06-21 07:00:00.000000000,-8.0,No prazo,122.31,88.45,33.86,27.68
SHP-00831,2026-06-30 20:00:00,HUB-RJ,Nordeste,R-RJ-NE,ViaCargo,D+1,B2C,16.93,1498.4,2026-07-02 02:00:00,2026-07-02 00:33:25.386167399,-1.44,No prazo,143.3,96.91,46.39,32.37
SHP-00832,2026-07-25 18:00:00,HUB-PR,Sudeste,R-SP-RJ,Atlas Express,Econômico,B2C,13.15,1213.2,2026-07-29 18:00:00,2026-07-29 19:34:56.085621304,1.58,Atraso leve,129.19,68.89,60.3,46.68
SHP-00833,2026-07-22 12:00:00,HUB-SP,Sul,R-SP-RJ,Atlas Express,Econômico,B2C,5.6,726.9,2026-07-26 12:00:00,2026-07-26 14:20:55.639974850,2.35,Atraso leve,89.24,57.67,31.57,35.38
SHP-00834,2026-07-03 06:00:00,HUB-GO,Centro-Oeste,R-BH-GO,Atlas Express,Econômico,Enterprise,14.84,136.9,2026-07-07 06:00:00,2026-07-07 03:28:58.336354783,-2.52,No prazo,64.17,33.55,30.62,47.72
SHP-00835,2026-06-13 23:00:00,HUB-RJ,Sudeste,R-SP-BH,Atlas Express,D+2,B2C,1.75,434.3,2026-06-16 05:00:00,2026-06-16 14:24:49.887424120,9.41,Atraso crítico,65.97,32.66,33.31,50.49
SHP-00836,2026-06-21 14:00:00,HUB-BH,Sudeste,R-SP-PR,ViaCargo,D+2,B2C,4.94,299.8,2026-06-23 20:00:00,2026-06-24 03:09:30.534068913,7.16,Atraso leve,58.59,42.58,16.01,27.33
SHP-00837,2026-07-16 23:00:00,HUB-SP,Centro-Oeste,R-SP-BH,RotaSul,Econômico,Enterprise,7.24,427.4,2026-07-20 23:00:00,2026-07-21 00:37:11.448226998,1.62,Atraso leve,74.93,54.51,20.42,27.25
SHP-00838,2026-07-07 09:00:00,HUB-RJ,Sudeste,R-RJ-NE,RotaSul,D+2,Enterprise,17.46,611.4,2026-07-09 15:00:00,2026-07-10 08:25:27.214725869,17.42,Atraso crítico,95.28,68.75,26.53,27.84
SHP-00839,2026-06-03 16:00:00,HUB-PR,Centro-Oeste,R-SP-PR,Atlas Express,D+1,B2C,10.67,1044.8,2026-06-04 22:00:00,2026-06-05 06:42:58.873089835,8.72,Atraso crítico,114.32,85.98,28.34,24.79
SHP-00840,2026-07-07 18:00:00,HUB-BH,Sudeste,R-SP-BH,Atlas Express,D+1,B2C,18.52,527.7,2026-07-09 00:00:00,2026-07-08 22:04:38.846383838,-1.92,No prazo,85.28,48.45,36.83,43.19
SHP-00841,2026-07-16 12:00:00,HUB-GO,Sul,R-BH-GO,ViaCargo,D+2,SMB,19.87,162.0,2026-07-18 18:00:00,2026-07-19 01:53:09.704463444,7.89,Atraso leve,73.48,48.27,25.21,34.31
SHP-00842,2026-06-13 15:00:00,HUB-GO,Sul,R-SP-BH,ViaCargo,D+2,B2C,5.31,397.3,2026-06-15 21:00:00,2026-06-16 04:25:36.747611036,7.43,Atraso leve,54.56,33.45,21.11,38.69
SHP-00843,2026-06-19 15:00:00,HUB-BH,Centro-Oeste,R-SP-BH,ViaCargo,D+1,B2C,23.43,335.8,2026-06-20 21:00:00,2026-06-20 17:17:44.295808517,-3.7,No prazo,86.81,70.14,16.67,19.2
SHP-00844,2026-07-12 12:00:00,HUB-SP,Nordeste,R-SP-BH,ViaCargo,D+2,SMB,15.09,921.1,2026-07-14 18:00:00,2026-07-14 19:08:48.182907246,1.15,Atraso leve,106.81,65.5,41.31,38.68
SHP-00845,2026-07-24 15:00:00,HUB-BH,Sul,R-BH-GO,Atlas Express,Same Day,B2C,9.1,670.0,2026-07-25 03:00:00,2026-07-25 12:44:55.926132133,9.75,Atraso crítico,83.74,63.02,20.72,24.74
SHP-00846,2026-07-26 23:00:00,HUB-GO,Sudeste,R-PR-CO,Nexo Log,Econômico,B2C,15.07,352.3,2026-07-30 23:00:00,2026-07-31 14:22:27.424770921,15.37,Atraso crítico,73.21,40.18,33.03,45.12
SHP-00847,2026-07-13 08:00:00,HUB-GO,Sul,R-BH-GO,Nexo Log,D+1,B2C,8.17,1025.3,2026-07-14 14:00:00,2026-07-15 02:11:33.320122463,12.19,Atraso crítico,109.94,68.8,41.14,37.42
SHP-00848,2026-06-25 02:00:00,HUB-RJ,Sudeste,R-SP-BH,Atlas Express,D+2,SMB,20.48,924.8,2026-06-27 08:00:00,2026-06-27 01:25:38.275378487,-6.57,No prazo,114.13,86.29,27.84,24.39
SHP-00849,2026-06-21 13:00:00,HUB-RJ,Sul,R-SP-BH,RotaSul,Econômico,B2C,16.81,273.1,2026-06-25 13:00:00,2026-06-25 22:23:06.195914006,9.39,Atraso crítico,84.7,59.54,25.16,29.7
SHP-00850,2026-06-09 12:00:00,HUB-PR,Nordeste,R-SP-BH,ViaCargo,Econômico,B2C,2.82,1481.7,2026-06-13 12:00:00,2026-06-13 04:00:00.000000000,-8.0,No prazo,113.86,80.53,33.33,29.27
SHP-00851,2026-06-03 04:00:00,HUB-RJ,Sul,R-PR-CO,Atlas Express,Econômico,B2C,4.19,260.2,2026-06-07 04:00:00,2026-06-07 10:47:54.795001130,6.8,Atraso leve,38.1,23.36,14.74,38.69
SHP-00852,2026-07-27 21:00:00,HUB-PR,Centro-Oeste,R-RJ-NE,ViaCargo,D+1,B2C,16.57,332.8,2026-07-29 03:00:00,2026-07-29 06:32:29.668498674,3.54,Atraso leve,82.96,46.86,36.1,43.51
SHP-00853,2026-07-01 12:00:00,HUB-PR,Nordeste,R-SP-PR,RotaSul,Same Day,B2C,16.05,1543.8,2026-07-02 00:00:00,2026-07-02 16:28:45.875622617,16.48,Atraso crítico,152.75,83.43,69.32,45.38
SHP-00854,2026-07-27 15:00:00,HUB-SP,Sul,R-SP-PR,ViaCargo,D+2,B2C,17.48,438.0,2026-07-29 21:00:00,2026-07-31 18:04:52.207158504,45.08,Atraso crítico,80.6,55.29,25.31,31.4
SHP-00855,2026-07-02 12:00:00,HUB-BH,Sul,R-SP-PR,Atlas Express,D+2,B2C,2.72,280.8,2026-07-04 18:00:00,2026-07-05 06:44:06.130218254,12.74,Atraso crítico,44.63,35.31,9.32,20.88
SHP-00856,2026-07-01 12:00:00,HUB-GO,Sudeste,R-PR-CO,RotaSul,D+2,B2C,0.4,1105.7,2026-07-03 18:00:00,2026-07-03 14:59:18.952215345,-3.01,No prazo,85.96,60.95,25.01,29.09
SHP-00857,2026-06-07 17:00:00,HUB-SP,Sul,R-SP-PR,ViaCargo,D+2,B2C,11.24,1207.5,2026-06-09 23:00:00,2026-06-10 10:01:52.248569164,11.03,Atraso crítico,104.76,74.92,29.84,28.48
SHP-00858,2026-06-14 09:00:00,HUB-GO,Sul,R-RJ-NE,RotaSul,Econômico,SMB,0.94,503.7,2026-06-18 09:00:00,2026-06-18 15:40:42.570677777,6.68,Atraso leve,48.61,32.37,16.24,33.41
SHP-00859,2026-07-15 20:00:00,HUB-GO,Sudeste,R-SP-BH,Atlas Express,D+1,B2C,1.71,1502.7,2026-07-17 02:00:00,2026-07-17 15:03:47.326977452,13.06,Atraso crítico,121.57,67.21,54.36,44.71
SHP-00860,2026-07-03 21:00:00,HUB-BH,Sul,R-RJ-NE,Atlas Express,Econômico,SMB,15.43,142.2,2026-07-07 21:00:00,2026-07-08 04:38:38.911300862,7.64,Atraso leve,65.75,36.32,29.43,44.76
SHP-00861,2026-06-23 10:00:00,HUB-BH,Centro-Oeste,R-SP-RJ,RotaSul,D+1,B2C,13.68,1079.9,2026-06-24 16:00:00,2026-06-24 16:42:15.479589606,0.7,Atraso leve,108.26,82.59,25.67,23.71
SHP-00862,2026-06-11 01:00:00,HUB-SP,Sudeste,R-SP-BH,Atlas Express,D+1,SMB,21.71,1414.0,2026-06-12 07:00:00,2026-06-12 11:56:51.343258288,4.95,Atraso leve,153.21,83.94,69.27,45.21
SHP-00863,2026-06-08 00:00:00,HUB-BH,Nordeste,R-RJ-NE,Atlas Express,Same Day,Enterprise,4.29,1443.1,2026-06-08 12:00:00,2026-06-08 20:09:27.131634507,8.16,Atraso crítico,113.63,68.95,44.68,39.32
SHP-00864,2026-06-10 21:00:00,HUB-PR,Centro-Oeste,R-SP-BH,RotaSul,Same Day,B2C,2.99,683.8,2026-06-11 09:00:00,2026-06-11 07:51:47.444042732,-1.14,No prazo,71.0,39.05,31.95,45.0
SHP-00865,2026-07-03 18:00:00,HUB-SP,Nordeste,R-BH-GO,RotaSul,D+2,B2C,10.27,802.3,2026-07-06 00:00:00,2026-07-06 05:33:49.076115411,5.56,Atraso leve,91.79,47.44,44.35,48.32
SHP-00866,2026-06-25 19:00:00,HUB-GO,Sul,R-SP-RJ,Nexo Log,D+1,B2C,10.42,912.0,2026-06-27 01:00:00,2026-06-27 18:09:42.196743021,17.16,Atraso crítico,100.68,63.22,37.46,37.21
SHP-00867,2026-06-26 08:00:00,HUB-PR,Centro-Oeste,R-SP-RJ,Nexo Log,D+2,SMB,23.59,1276.3,2026-06-28 14:00:00,2026-06-28 06:00:00.000000000,-8.0,No prazo,141.6,76.13,65.47,46.24
SHP-00868,2026-07-16 15:00:00,HUB-GO,Sul,R-PR-CO,Atlas Express,Econômico,B2C,17.16,1410.0,2026-07-20 15:00:00,2026-07-20 16:48:17.178724072,1.8,Atraso leve,141.18,100.68,40.5,28.69
SHP-00869,2026-07-09 09:00:00,HUB-RJ,Nordeste,R-SP-BH,Nexo Log,Same Day,B2C,20.59,544.3,2026-07-09 21:00:00,2026-07-09 13:00:00.000000000,-8.0,No prazo,85.4,49.12,36.28,42.48
SHP-00870,2026-07-27 20:00:00,HUB-RJ,Sul,R-SP-RJ,Nexo Log,Econômico,B2C,19.0,385.9,2026-07-31 20:00:00,2026-07-31 22:44:37.569816517,2.74,Atraso leve,95.43,65.03,30.4,31.86
SHP-00871,2026-06-28 09:00:00,HUB-GO,Nordeste,R-PR-CO,Nexo Log,D+2,B2C,10.21,1280.8,2026-06-30 15:00:00,2026-06-30 18:35:06.837021130,3.59,Atraso leve,127.28,68.54,58.74,46.15
SHP-00872,2026-07-18 06:00:00,HUB-BH,Nordeste,R-SP-PR,ViaCargo,D+1,B2C,0.72,702.8,2026-07-19 12:00:00,2026-07-20 07:24:19.006425323,19.41,Atraso crítico,71.03,40.44,30.59,43.07
SHP-00873,2026-06-17 08:00:00,HUB-BH,Sudeste,R-PR-CO,RotaSul,D+1,B2C,21.44,1054.3,2026-06-18 14:00:00,2026-06-18 17:32:36.186702779,3.54,Atraso leve,126.52,100.27,26.25,20.75
SHP-00874,2026-07-28 09:00:00,HUB-PR,Centro-Oeste,R-SP-BH,Nexo Log,Econômico,SMB,9.48,812.5,2026-08-01 09:00:00,2026-08-01 01:00:00.000000000,-8.0,No prazo,89.75,54.09,35.66,39.73
SHP-00875,2026-07-19 20:00:00,HUB-SP,Sul,R-SP-PR,RotaSul,Same Day,SMB,19.09,727.1,2026-07-20 08:00:00,2026-07-20 17:24:38.357766483,9.41,Atraso crítico,97.27,80.85,16.42,16.88
SHP-00876,2026-06-15 03:00:00,HUB-PR,Centro-Oeste,R-SP-PR,ViaCargo,D+2,Enterprise,22.62,115.5,2026-06-17 09:00:00,2026-06-17 17:39:39.898925578,8.66,Atraso crítico,83.31,60.07,23.24,27.9
SHP-00877,2026-07-25 02:00:00,HUB-GO,Centro-Oeste,R-SP-PR,Nexo Log,Econômico,B2C,4.0,1464.2,2026-07-29 02:00:00,2026-07-29 20:17:15.333031119,18.29,Atraso crítico,116.04,61.53,54.51,46.98
SHP-00878,2026-07-02 20:00:00,HUB-PR,Sul,R-SP-PR,RotaSul,D+2,B2C,13.75,395.8,2026-07-05 02:00:00,2026-07-05 09:27:10.175232551,7.45,Atraso leve,85.55,66.09,19.46,22.75
SHP-00879,2026-07-17 23:00:00,HUB-BH,Sul,R-BH-GO,Atlas Express,Econômico,Enterprise,22.3,273.1,2026-07-21 23:00:00,2026-07-21 22:39:24.595321933,-0.34,No prazo,85.16,43.93,41.23,48.41
SHP-00880,2026-07-04 23:00:00,HUB-SP,Sudeste,R-SP-PR,ViaCargo,D+1,B2C,19.74,1116.4,2026-07-06 05:00:00,2026-07-06 04:49:50.845323488,-0.17,No prazo,131.62,75.02,56.6,43.0
SHP-00881,2026-07-25 23:00:00,HUB-SP,Centro-Oeste,R-SP-BH,Nexo Log,Econômico,B2C,2.85,1519.0,2026-07-29 23:00:00,2026-07-30 11:17:56.113266209,12.3,Atraso crítico,105.77,60.01,45.76,43.26
SHP-00882,2026-06-15 02:00:00,HUB-GO,Nordeste,R-PR-CO,RotaSul,D+1,B2C,12.2,1197.3,2026-06-16 08:00:00,2026-06-16 18:18:20.619624822,10.31,Atraso crítico,116.81,85.6,31.21,26.72
SHP-00883,2026-06-22 15:00:00,HUB-BH,Centro-Oeste,R-BH-GO,Atlas Express,D+2,B2C,3.67,1089.1,2026-06-24 21:00:00,2026-06-24 13:00:00.000000000,-8.0,No prazo,99.29,57.79,41.5,41.8
SHP-00884,2026-07-18 18:00:00,HUB-RJ,Centro-Oeste,R-SP-BH,RotaSul,Econômico,B2C,8.96,1438.4,2026-07-22 18:00:00,2026-07-22 21:56:19.337292150,3.94,Atraso leve,121.51,87.01,34.5,28.39
SHP-00885,2026-07-14 11:00:00,HUB-BH,Sul,R-PR-CO,RotaSul,Econômico,B2C,12.68,50.8,2026-07-18 11:00:00,2026-07-18 11:17:10.577734646,0.29,Atraso leve,47.39,32.77,14.62,30.85
SHP-00886,2026-07-28 07:00:00,HUB-BH,Sul,R-SP-BH,Atlas Express,D+1,B2C,20.39,588.7,2026-07-29 13:00:00,2026-07-29 18:06:31.836447216,5.11,Atraso leve,88.63,55.74,32.89,37.11
SHP-00887,2026-07-06 05:00:00,HUB-RJ,Sul,R-SP-RJ,Atlas Express,Econômico,B2C,18.59,1061.3,2026-07-10 05:00:00,2026-07-10 11:09:05.778957207,6.15,Atraso leve,123.94,77.48,46.46,37.49
SHP-00888,2026-06-05 20:00:00,HUB-RJ,Sul,R-SP-BH,ViaCargo,Same Day,B2C,15.96,679.0,2026-06-06 08:00:00,2026-06-06 11:07:18.460702482,3.12,Atraso leve,87.23,63.97,23.26,26.67
SHP-00889,2026-06-16 07:00:00,HUB-PR,Centro-Oeste,R-SP-RJ,ViaCargo,D+2,SMB,2.94,1019.6,2026-06-18 13:00:00,2026-06-18 07:50:25.194015233,-5.16,No prazo,89.94,64.15,25.79,28.67
SHP-00890,2026-06-05 10:00:00,HUB-PR,Sudeste,R-SP-BH,Atlas Express,Econômico,B2C,16.37,558.8,2026-06-09 10:00:00,2026-06-09 08:26:02.037160816,-1.57,No prazo,77.07,44.92,32.15,41.72
SHP-00891,2026-07-20 22:00:00,HUB-RJ,Centro-Oeste,R-PR-CO,RotaSul,D+2,B2C,15.36,185.9,2026-07-23 04:00:00,2026-07-23 07:43:48.312449127,3.73,Atraso leve,65.38,37.17,28.21,43.15
SHP-00892,2026-06-01 13:00:00,HUB-RJ,Centro-Oeste,R-SP-RJ,ViaCargo,Same Day,B2C,1.57,521.2,2026-06-02 01:00:00,2026-06-01 17:55:01.480076048,-7.08,No prazo,53.68,32.69,20.99,39.1
SHP-00893,2026-06-26 04:00:00,HUB-RJ,Sul,R-SP-PR,Nexo Log,D+2,B2C,23.52,204.7,2026-06-28 10:00:00,2026-06-28 21:23:27.283219153,11.39,Atraso crítico,78.53,43.25,35.28,44.93
SHP-00894,2026-07-28 04:00:00,HUB-BH,Sul,R-PR-CO,RotaSul,D+2,B2C,6.83,1587.5,2026-07-30 10:00:00,2026-07-30 23:50:28.112228506,13.84,Atraso crítico,137.38,69.49,67.89,49.42
SHP-00895,2026-06-18 21:00:00,HUB-SP,Sudeste,R-BH-GO,Atlas Express,Econômico,B2C,23.65,303.9,2026-06-22 21:00:00,2026-06-23 02:26:47.674542238,5.45,Atraso leve,78.84,57.39,21.45,27.21
SHP-00896,2026-06-22 05:00:00,HUB-PR,Sudeste,R-RJ-NE,Atlas Express,D+2,SMB,14.68,1246.3,2026-06-24 11:00:00,2026-06-24 13:04:03.079043260,2.07,Atraso leve,132.07,74.45,57.62,43.63
SHP-00897,2026-07-17 12:00:00,HUB-SP,Nordeste,R-SP-BH,ViaCargo,Same Day,B2C,7.97,33.1,2026-07-18 00:00:00,2026-07-17 16:00:00.000000000,-8.0,No prazo,31.85,23.87,7.98,25.05
SHP-00898,2026-07-01 14:00:00,HUB-SP,Sudeste,R-BH-GO,Atlas Express,D+1,B2C,6.78,886.0,2026-07-02 20:00:00,2026-07-03 11:11:29.513119816,15.19,Atraso crítico,80.85,48.26,32.59,40.31
SHP-00899,2026-07-06 04:00:00,HUB-PR,Sudeste,R-SP-RJ,Atlas Express,Same Day,B2C,17.31,223.0,2026-07-06 16:00:00,2026-07-06 17:27:50.722518788,1.46,Atraso leve,78.83,57.02,21.81,27.67
SHP-00900,2026-06-22 06:00:00,HUB-SP,Sudeste,R-BH-GO,Nexo Log,D+1,Enterprise,1.14,1287.2,2026-06-23 12:00:00,2026-06-23 21:23:25.611061466,9.39,Atraso crítico,99.29,72.24,27.05,27.24
